ID,Name,ATC_Equipment_Type,SSID,Urbalis_Sector_ID,IP_Address_Blue,IP_Address_Red,MIB_IP_Address_Blue,MIB_IP_Address_Red,Subnet_Mask_Blue,Subnet_Mask_Red,Gateway_IP_Address_Blue,Gateway_IP_Address_Red,Technical_Room_ID,Train_ID
7681,ZC_1,ZC,1,US_SCMA,10.1.13.1,10.2.13.1,10.1.13.1,10.2.13.1,255.255.0.0,255.255.0.0,10.1.31.254,10.2.31.254,TCR_LCM_M_0,0
7682,ZC_2,ZC,2,US_SCMA,10.1.13.2,10.2.13.2,10.1.13.2,10.2.13.2,255.255.0.0,255.255.0.0,10.1.31.254,10.2.31.254,TCR_LCM_M_0,0
7683,ZC_3,ZC,3,US_SCMA,10.1.13.3,10.2.13.3,10.1.13.3,10.2.13.3,255.255.0.0,255.255.0.0,10.1.31.254,10.2.31.254,TCR_LCM_M_0,0
7684,ZC_4,ZC,4,US_SCMA,10.1.13.4,10.2.13.4,10.1.13.4,10.2.13.4,255.255.0.0,255.255.0.0,10.1.31.254,10.2.31.254,TCR_LCM_M_0,0
10241,LC,LC,1,US_SCMA,10.1.13.7,10.2.13.7,10.1.13.7,10.2.13.7,255.255.0.0,255.255.0.0,10.1.31.254,10.2.31.254,TCR_LCM_M_0,0
12801,DSU,DSU,1,US_SCMA,10.1.13.11,10.2.13.11,10.1.13.11,10.2.13.11,255.255.0.0,255.255.0.0,10.1.31.254,10.2.31.254,TCR_LCM_M_0,0
25601,OMAP_1,Trackside OMAP,1,US_SCMA,10.1.13.12,10.2.13.12,10.1.13.12,10.2.13.12,255.255.0.0,255.255.0.0,10.1.31.254,10.2.31.254,TCR_LCM_M_0,0
5165,CC_45,CC,45,US_SCMA,10.69.45.24,10.65.45.24,10.69.45.24,10.65.45.24,255.255.255.0,255.255.255.0,10.69.45.138,10.65.45.137,0,45
5166,CC_46,CC,46,US_SCMA,10.69.46.24,10.65.46.24,10.69.46.24,10.65.46.24,255.255.255.0,255.255.255.0,10.69.46.138,10.65.46.137,0,46
5167,CC_47,CC,47,US_SCMA,10.69.47.24,10.65.47.24,10.69.47.24,10.65.47.24,255.255.255.0,255.255.255.0,10.69.47.138,10.65.47.137,0,47
5168,CC_48,CC,48,US_SCMA,10.69.48.24,10.65.48.24,10.69.48.24,10.65.48.24,255.255.255.0,255.255.255.0,10.69.48.138,10.65.48.137,0,48
5169,CC_49,CC,49,US_SCMA,10.69.49.24,10.65.49.24,10.69.49.24,10.65.49.24,255.255.255.0,255.255.255.0,10.69.49.138,10.65.49.137,0,49
5170,CC_50,CC,50,US_SCMA,10.69.50.24,10.65.50.24,10.69.50.24,10.65.50.24,255.255.255.0,255.255.255.0,10.69.50.138,10.65.50.137,0,50
5171,CC_51,CC,51,US_SCMA,10.69.51.24,10.65.51.24,10.69.51.24,10.65.51.24,255.255.255.0,255.255.255.0,10.69.51.138,10.65.51.137,0,51
5172,CC_52,CC,52,US_SCMA,10.69.52.24,10.65.52.24,10.69.52.24,10.65.52.24,255.255.255.0,255.255.255.0,10.69.52.138,10.65.52.137,0,52
5173,CC_53,CC,53,US_SCMA,10.69.53.24,10.65.53.24,10.69.53.24,10.65.53.24,255.255.255.0,255.255.255.0,10.69.53.138,10.65.53.137,0,53
5174,CC_54,CC,54,US_SCMA,10.69.54.24,10.65.54.24,10.69.54.24,10.65.54.24,255.255.255.0,255.255.255.0,10.69.54.138,10.65.54.137,0,54
5175,CC_55,CC,55,US_SCMA,10.69.55.24,10.65.55.24,10.69.55.24,10.65.55.24,255.255.255.0,255.255.255.0,10.69.55.138,10.65.55.137,0,55
5176,CC_56,CC,56,US_SCMA,10.69.56.24,10.65.56.24,10.69.56.24,10.65.56.24,255.255.255.0,255.255.255.0,10.69.56.138,10.65.56.137,0,56
5177,CC_57,CC,57,US_SCMA,10.69.57.24,10.65.57.24,10.69.57.24,10.65.57.24,255.255.255.0,255.255.255.0,10.69.57.138,10.65.57.137,0,57
5178,CC_58,CC,58,US_SCMA,10.69.58.24,10.65.58.24,10.69.58.24,10.65.58.24,255.255.255.0,255.255.255.0,10.69.58.138,10.65.58.137,0,58
5179,CC_59,CC,59,US_SCMA,10.69.59.24,10.65.59.24,10.69.59.24,10.65.59.24,255.255.255.0,255.255.255.0,10.69.59.138,10.65.59.137,0,59
5180,CC_60,CC,60,US_SCMA,10.69.60.24,10.65.60.24,10.69.60.24,10.65.60.24,255.255.255.0,255.255.255.0,10.69.60.138,10.65.60.137,0,60
5181,CC_61,CC,61,US_SCMA,10.69.61.24,10.65.61.24,10.69.61.24,10.65.61.24,255.255.255.0,255.255.255.0,10.69.61.138,10.65.61.137,0,61
5182,CC_62,CC,62,US_SCMA,10.69.62.24,10.65.62.24,10.69.62.24,10.65.62.24,255.255.255.0,255.255.255.0,10.69.62.138,10.65.62.137,0,62
5183,CC_63,CC,63,US_SCMA,10.69.63.24,10.65.63.24,10.69.63.24,10.65.63.24,255.255.255.0,255.255.255.0,10.69.63.138,10.65.63.137,0,63
5184,CC_64,CC,64,US_SCMA,10.69.64.24,10.65.64.24,10.69.64.24,10.65.64.24,255.255.255.0,255.255.255.0,10.69.64.138,10.65.64.137,0,64
5185,CC_65,CC,65,US_SCMA,10.69.65.24,10.65.65.24,10.69.65.24,10.65.65.24,255.255.255.0,255.255.255.0,10.69.65.138,10.65.65.137,0,65
5186,CC_66,CC,66,US_SCMA,10.69.66.24,10.65.66.24,10.69.66.24,10.65.66.24,255.255.255.0,255.255.255.0,10.69.66.138,10.65.66.137,0,66
5187,CC_67,CC,67,US_SCMA,10.69.67.24,10.65.67.24,10.69.67.24,10.65.67.24,255.255.255.0,255.255.255.0,10.69.67.138,10.65.67.137,0,67
5188,CC_68,CC,68,US_SCMA,10.69.68.24,10.65.68.24,10.69.68.24,10.65.68.24,255.255.255.0,255.255.255.0,10.69.68.138,10.65.68.137,0,68
5189,CC_69,CC,69,US_SCMA,10.69.69.24,10.65.69.24,10.69.69.24,10.65.69.24,255.255.255.0,255.255.255.0,10.69.69.138,10.65.69.137,0,69
5190,CC_70,CC,70,US_SCMA,10.69.70.24,10.65.70.24,10.69.70.24,10.65.70.24,255.255.255.0,255.255.255.0,10.69.70.138,10.65.70.137,0,70
5191,CC_71,CC,71,US_SCMA,10.69.71.24,10.65.71.24,10.69.71.24,10.65.71.24,255.255.255.0,255.255.255.0,10.69.71.138,10.65.71.137,0,71
5192,CC_72,CC,72,US_SCMA,10.69.72.24,10.65.72.24,10.69.72.24,10.65.72.24,255.255.255.0,255.255.255.0,10.69.72.138,10.65.72.137,0,72
5193,CC_73,CC,73,US_SCMA,10.69.73.24,10.65.73.24,10.69.73.24,10.65.73.24,255.255.255.0,255.255.255.0,10.69.73.138,10.65.73.137,0,73
5194,CC_74,CC,74,US_SCMA,10.69.74.24,10.65.74.24,10.69.74.24,10.65.74.24,255.255.255.0,255.255.255.0,10.69.74.138,10.65.74.137,0,74
5195,CC_75,CC,75,US_SCMA,10.69.75.24,10.65.75.24,10.69.75.24,10.65.75.24,255.255.255.0,255.255.255.0,10.69.75.138,10.65.75.137,0,75
5196,CC_76,CC,76,US_SCMA,10.69.76.24,10.65.76.24,10.69.76.24,10.65.76.24,255.255.255.0,255.255.255.0,10.69.76.138,10.65.76.137,0,76
5197,CC_77,CC,77,US_SCMA,10.69.77.24,10.65.77.24,10.69.77.24,10.65.77.24,255.255.255.0,255.255.255.0,10.69.77.138,10.65.77.137,0,77
5198,CC_78,CC,78,US_SCMA,10.69.78.24,10.65.78.24,10.69.78.24,10.65.78.24,255.255.255.0,255.255.255.0,10.69.78.138,10.65.78.137,0,78
5199,CC_79,CC,79,US_SCMA,10.69.79.24,10.65.79.24,10.69.79.24,10.65.79.24,255.255.255.0,255.255.255.0,10.69.79.138,10.65.79.137,0,79
5200,CC_80,CC,80,US_SCMA,10.69.80.24,10.65.80.24,10.69.80.24,10.65.80.24,255.255.255.0,255.255.255.0,10.69.80.138,10.65.80.137,0,80
5201,CC_81,CC,81,US_SCMA,10.69.81.24,10.65.81.24,10.69.81.24,10.65.81.24,255.255.255.0,255.255.255.0,10.69.81.138,10.65.81.137,0,81
5202,CC_82,CC,82,US_SCMA,10.69.82.24,10.65.82.24,10.69.82.24,10.65.82.24,255.255.255.0,255.255.255.0,10.69.82.138,10.65.82.137,0,82
5203,CC_83,CC,83,US_SCMA,10.69.83.24,10.65.83.24,10.69.83.24,10.65.83.24,255.255.255.0,255.255.255.0,10.69.83.138,10.65.83.137,0,83
5204,CC_84,CC,84,US_SCMA,10.69.84.24,10.65.84.24,10.69.84.24,10.65.84.24,255.255.255.0,255.255.255.0,10.69.84.138,10.65.84.137,0,84
5205,CC_85,CC,85,US_SCMA,10.69.85.24,10.65.85.24,10.69.85.24,10.65.85.24,255.255.255.0,255.255.255.0,10.69.85.138,10.65.85.137,0,85
5206,CC_86,CC,86,US_SCMA,10.69.86.24,10.65.86.24,10.69.86.24,10.65.86.24,255.255.255.0,255.255.255.0,10.69.86.138,10.65.86.137,0,86
5207,CC_87,CC,87,US_SCMA,10.69.87.24,10.65.87.24,10.69.87.24,10.65.87.24,255.255.255.0,255.255.255.0,10.69.87.138,10.65.87.137,0,87
5208,CC_88,CC,88,US_SCMA,10.69.88.24,10.65.88.24,10.69.88.24,10.65.88.24,255.255.255.0,255.255.255.0,10.69.88.138,10.65.88.137,0,88
5209,CC_89,CC,89,US_SCMA,10.69.89.24,10.65.89.24,10.69.89.24,10.65.89.24,255.255.255.0,255.255.255.0,10.69.89.138,10.65.89.137,0,89
5210,CC_90,CC,90,US_SCMA,10.69.90.24,10.65.90.24,10.69.90.24,10.65.90.24,255.255.255.0,255.255.255.0,10.69.90.138,10.65.90.137,0,90
5211,CC_91,CC,91,US_SCMA,10.69.91.24,10.65.91.24,10.69.91.24,10.65.91.24,255.255.255.0,255.255.255.0,10.69.91.138,10.65.91.137,0,91
5212,CC_92,CC,92,US_SCMA,10.69.92.24,10.65.92.24,10.69.92.24,10.65.92.24,255.255.255.0,255.255.255.0,10.69.92.138,10.65.92.137,0,92
5213,CC_93,CC,93,US_SCMA,10.69.93.24,10.65.93.24,10.69.93.24,10.65.93.24,255.255.255.0,255.255.255.0,10.69.93.138,10.65.93.137,0,93
5214,CC_94,CC,94,US_SCMA,10.69.94.24,10.65.94.24,10.69.94.24,10.65.94.24,255.255.255.0,255.255.255.0,10.69.94.138,10.65.94.137,0,94
5215,CC_95,CC,95,US_SCMA,10.69.95.24,10.65.95.24,10.69.95.24,10.65.95.24,255.255.255.0,255.255.255.0,10.69.95.138,10.65.95.137,0,95
5216,CC_96,CC,96,US_SCMA,10.69.96.24,10.65.96.24,10.69.96.24,10.65.96.24,255.255.255.0,255.255.255.0,10.69.96.138,10.65.96.137,0,96
5217,CC_97,CC,97,US_SCMA,10.69.97.24,10.65.97.24,10.69.97.24,10.65.97.24,255.255.255.0,255.255.255.0,10.69.97.138,10.65.97.137,0,97
5218,CC_98,CC,98,US_SCMA,10.69.98.24,10.65.98.24,10.69.98.24,10.65.98.24,255.255.255.0,255.255.255.0,10.69.98.138,10.65.98.137,0,98
5219,CC_99,CC,99,US_SCMA,10.69.99.24,10.65.99.24,10.69.99.24,10.65.99.24,255.255.255.0,255.255.255.0,10.69.99.138,10.65.99.137,0,99
5220,CC_100,CC,100,US_SCMA,10.69.100.24,10.65.100.24,10.69.100.24,10.65.100.24,255.255.255.0,255.255.255.0,10.69.100.138,10.65.100.137,0,100
5221,CC_101,CC,101,US_SCMA,10.69.101.24,10.65.101.24,10.69.101.24,10.65.101.24,255.255.255.0,255.255.255.0,10.69.101.138,10.65.101.137,0,101
5222,CC_102,CC,102,US_SCMA,10.69.102.24,10.65.102.24,10.69.102.24,10.65.102.24,255.255.255.0,255.255.255.0,10.69.102.138,10.65.102.137,0,102
5223,CC_103,CC,103,US_SCMA,10.69.103.24,10.65.103.24,10.69.103.24,10.65.103.24,255.255.255.0,255.255.255.0,10.69.103.138,10.65.103.137,0,103
5224,CC_104,CC,104,US_SCMA,10.69.104.24,10.65.104.24,10.69.104.24,10.65.104.24,255.255.255.0,255.255.255.0,10.69.104.138,10.65.104.137,0,104
5225,CC_105,CC,105,US_SCMA,10.69.105.24,10.65.105.24,10.69.105.24,10.65.105.24,255.255.255.0,255.255.255.0,10.69.105.138,10.65.105.137,0,105
5226,CC_106,CC,106,US_SCMA,10.69.106.24,10.65.106.24,10.69.106.24,10.65.106.24,255.255.255.0,255.255.255.0,10.69.106.138,10.65.106.137,0,106
5227,CC_107,CC,107,US_SCMA,10.69.107.24,10.65.107.24,10.69.107.24,10.65.107.24,255.255.255.0,255.255.255.0,10.69.107.138,10.65.107.137,0,107
5229,CC_109,CC,109,US_SCMA,10.69.109.24,10.65.109.24,10.69.109.24,10.65.109.24,255.255.255.0,255.255.255.0,10.69.109.138,10.65.109.137,0,109
5231,CC_111,CC,111,US_SCMA,10.69.111.24,10.65.111.24,10.69.111.24,10.65.111.24,255.255.255.0,255.255.255.0,10.69.111.138,10.65.111.137,0,111
5233,CC_113,CC,113,US_SCMA,10.69.113.24,10.65.113.24,10.69.113.24,10.65.113.24,255.255.255.0,255.255.255.0,10.69.113.138,10.65.113.137,0,113
5235,CC_115,CC,115,US_SCMA,10.69.115.24,10.65.115.24,10.69.115.24,10.65.115.24,255.255.255.0,255.255.255.0,10.69.115.138,10.65.115.137,0,115
5237,CC_117,CC,117,US_SCMA,10.69.117.24,10.65.117.24,10.69.117.24,10.65.117.24,255.255.255.0,255.255.255.0,10.69.117.138,10.65.117.137,0,117
5239,CC_119,CC,119,US_SCMA,10.69.119.24,10.65.119.24,10.69.119.24,10.65.119.24,255.255.255.0,255.255.255.0,10.69.119.138,10.65.119.137,0,119
5241,CC_121,CC,121,US_SCMA,10.69.121.24,10.65.121.24,10.69.121.24,10.65.121.24,255.255.255.0,255.255.255.0,10.69.121.138,10.65.121.137,0,121
5243,CC_123,CC,123,US_SCMA,10.69.123.24,10.65.123.24,10.69.123.24,10.65.123.24,255.255.255.0,255.255.255.0,10.69.123.138,10.65.123.137,0,123
5245,CC_125,CC,125,US_SCMA,10.69.125.24,10.65.125.24,10.69.125.24,10.65.125.24,255.255.255.0,255.255.255.0,10.69.125.138,10.65.125.137,0,125
5247,CC_127,CC,127,US_SCMA,10.69.127.24,10.65.127.24,10.69.127.24,10.65.127.24,255.255.255.0,255.255.255.0,10.69.127.138,10.65.127.137,0,127
5249,CC_129,CC,129,US_SCMA,10.69.129.24,10.65.129.24,10.69.129.24,10.65.129.24,255.255.255.0,255.255.255.0,10.69.129.138,10.65.129.137,0,129
5251,CC_131,CC,131,US_SCMA,10.69.131.24,10.65.131.24,10.69.131.24,10.65.131.24,255.255.255.0,255.255.255.0,10.69.131.138,10.65.131.137,0,131
5253,CC_133,CC,133,US_SCMA,10.69.133.24,10.65.133.24,10.69.133.24,10.65.133.24,255.255.255.0,255.255.255.0,10.69.133.138,10.65.133.137,0,133
5255,CC_135,CC,135,US_SCMA,10.69.135.24,10.65.135.24,10.69.135.24,10.65.135.24,255.255.255.0,255.255.255.0,10.69.135.138,10.65.135.137,0,135
5257,CC_137,CC,137,US_SCMA,10.69.137.24,10.65.137.24,10.69.137.24,10.65.137.24,255.255.255.0,255.255.255.0,10.69.137.138,10.65.137.137,0,137
5259,CC_139,CC,139,US_SCMA,10.69.139.24,10.65.139.24,10.69.139.24,10.65.139.24,255.255.255.0,255.255.255.0,10.69.139.138,10.65.139.137,0,139
5261,CC_141,CC,141,US_SCMA,10.69.141.24,10.65.141.24,10.69.141.24,10.65.141.24,255.255.255.0,255.255.255.0,10.69.141.138,10.65.141.137,0,141
5263,CC_143,CC,143,US_SCMA,10.69.143.24,10.65.143.24,10.69.143.24,10.65.143.24,255.255.255.0,255.255.255.0,10.69.143.138,10.65.143.137,0,143
5265,CC_145,CC,145,US_SCMA,10.69.145.24,10.65.145.24,10.69.145.24,10.65.145.24,255.255.255.0,255.255.255.0,10.69.145.138,10.65.145.137,0,145
5267,CC_147,CC,147,US_SCMA,10.69.147.24,10.65.147.24,10.69.147.24,10.65.147.24,255.255.255.0,255.255.255.0,10.69.147.138,10.65.147.137,0,147
5269,CC_149,CC,149,US_SCMA,10.69.149.24,10.65.149.24,10.69.149.24,10.65.149.24,255.255.255.0,255.255.255.0,10.69.149.138,10.65.149.137,0,149
5271,CC_151,CC,151,US_SCMA,10.69.151.24,10.65.151.24,10.69.151.24,10.65.151.24,255.255.255.0,255.255.255.0,10.69.151.138,10.65.151.137,0,151
5273,CC_153,CC,153,US_SCMA,10.69.153.24,10.65.153.24,10.69.153.24,10.65.153.24,255.255.255.0,255.255.255.0,10.69.153.138,10.65.153.137,0,153
5275,CC_155,CC,155,US_SCMA,10.69.155.24,10.65.155.24,10.69.155.24,10.65.155.24,255.255.255.0,255.255.255.0,10.69.155.138,10.65.155.137,0,155
5277,CC_157,CC,157,US_SCMA,10.69.157.24,10.65.157.24,10.69.157.24,10.65.157.24,255.255.255.0,255.255.255.0,10.69.157.138,10.65.157.137,0,157
5279,CC_159,CC,159,US_SCMA,10.69.159.24,10.65.159.24,10.69.159.24,10.65.159.24,255.255.255.0,255.255.255.0,10.69.159.138,10.65.159.137,0,159
5281,CC_161,CC,161,US_SCMA,10.69.161.24,10.65.161.24,10.69.161.24,10.65.161.24,255.255.255.0,255.255.255.0,10.69.161.138,10.65.161.137,0,161
5283,CC_163,CC,163,US_SCMA,10.69.163.24,10.65.163.24,10.69.163.24,10.65.163.24,255.255.255.0,255.255.255.0,10.69.163.138,10.65.163.137,0,163
5285,CC_165,CC,165,US_SCMA,10.69.165.24,10.65.165.24,10.69.165.24,10.65.165.24,255.255.255.0,255.255.255.0,10.69.165.138,10.65.165.137,0,165
5287,CC_167,CC,167,US_SCMA,10.69.167.24,10.65.167.24,10.69.167.24,10.65.167.24,255.255.255.0,255.255.255.0,10.69.167.138,10.65.167.137,0,167
5289,CC_169,CC,169,US_SCMA,10.69.169.24,10.65.169.24,10.69.169.24,10.65.169.24,255.255.255.0,255.255.255.0,10.69.169.138,10.65.169.137,0,169
5291,CC_171,CC,171,US_SCMA,10.69.171.24,10.65.171.24,10.69.171.24,10.65.171.24,255.255.255.0,255.255.255.0,10.69.171.138,10.65.171.137,0,171
5293,CC_173,CC,173,US_SCMA,10.69.173.24,10.65.173.24,10.69.173.24,10.65.173.24,255.255.255.0,255.255.255.0,10.69.173.138,10.65.173.137,0,173
5295,CC_175,CC,175,US_SCMA,10.69.175.24,10.65.175.24,10.69.175.24,10.65.175.24,255.255.255.0,255.255.255.0,10.69.175.138,10.65.175.137,0,175
5933,TRS_1_45,TRS_1,45,0,0.0.0.0,10.65.45.137,0.0.0.0,10.65.45.137,255.255.255.0,255.255.255.0,0.0.0.0,10.85.45.137,0,45
5934,TRS_1_46,TRS_1,46,0,0.0.0.0,10.65.46.137,0.0.0.0,10.65.46.137,255.255.255.0,255.255.255.0,0.0.0.0,10.85.46.137,0,46
5935,TRS_1_47,TRS_1,47,0,0.0.0.0,10.65.47.137,0.0.0.0,10.65.47.137,255.255.255.0,255.255.255.0,0.0.0.0,10.85.47.137,0,47
5936,TRS_1_48,TRS_1,48,0,0.0.0.0,10.65.48.137,0.0.0.0,10.65.48.137,255.255.255.0,255.255.255.0,0.0.0.0,10.85.48.137,0,48
5937,TRS_1_49,TRS_1,49,0,0.0.0.0,10.65.49.137,0.0.0.0,10.65.49.137,255.255.255.0,255.255.255.0,0.0.0.0,10.85.49.137,0,49
5938,TRS_1_50,TRS_1,50,0,0.0.0.0,10.65.50.137,0.0.0.0,10.65.50.137,255.255.255.0,255.255.255.0,0.0.0.0,10.85.50.137,0,50
5939,TRS_1_51,TRS_1,51,0,0.0.0.0,10.65.51.137,0.0.0.0,10.65.51.137,255.255.255.0,255.255.255.0,0.0.0.0,10.85.51.137,0,51
5940,TRS_1_52,TRS_1,52,0,0.0.0.0,10.65.52.137,0.0.0.0,10.65.52.137,255.255.255.0,255.255.255.0,0.0.0.0,10.85.52.137,0,52
5941,TRS_1_53,TRS_1,53,0,0.0.0.0,10.65.53.137,0.0.0.0,10.65.53.137,255.255.255.0,255.255.255.0,0.0.0.0,10.85.53.137,0,53
5942,TRS_1_54,TRS_1,54,0,0.0.0.0,10.65.54.137,0.0.0.0,10.65.54.137,255.255.255.0,255.255.255.0,0.0.0.0,10.85.54.137,0,54
5943,TRS_1_55,TRS_1,55,0,0.0.0.0,10.65.55.137,0.0.0.0,10.65.55.137,255.255.255.0,255.255.255.0,0.0.0.0,10.85.55.137,0,55
5944,TRS_1_56,TRS_1,56,0,0.0.0.0,10.65.56.137,0.0.0.0,10.65.56.137,255.255.255.0,255.255.255.0,0.0.0.0,10.85.56.137,0,56
5945,TRS_1_57,TRS_1,57,0,0.0.0.0,10.65.57.137,0.0.0.0,10.65.57.137,255.255.255.0,255.255.255.0,0.0.0.0,10.85.57.137,0,57
5946,TRS_1_58,TRS_1,58,0,0.0.0.0,10.65.58.137,0.0.0.0,10.65.58.137,255.255.255.0,255.255.255.0,0.0.0.0,10.85.58.137,0,58
5947,TRS_1_59,TRS_1,59,0,0.0.0.0,10.65.59.137,0.0.0.0,10.65.59.137,255.255.255.0,255.255.255.0,0.0.0.0,10.85.59.137,0,59
5948,TRS_1_60,TRS_1,60,0,0.0.0.0,10.65.60.137,0.0.0.0,10.65.60.137,255.255.255.0,255.255.255.0,0.0.0.0,10.85.60.137,0,60
5949,TRS_1_61,TRS_1,61,0,0.0.0.0,10.65.61.137,0.0.0.0,10.65.61.137,255.255.255.0,255.255.255.0,0.0.0.0,10.85.61.137,0,61
5950,TRS_1_62,TRS_1,62,0,0.0.0.0,10.65.62.137,0.0.0.0,10.65.62.137,255.255.255.0,255.255.255.0,0.0.0.0,10.85.62.137,0,62
5951,TRS_1_63,TRS_1,63,0,0.0.0.0,10.65.63.137,0.0.0.0,10.65.63.137,255.255.255.0,255.255.255.0,0.0.0.0,10.85.63.137,0,63
5952,TRS_1_64,TRS_1,64,0,0.0.0.0,10.65.64.137,0.0.0.0,10.65.64.137,255.255.255.0,255.255.255.0,0.0.0.0,10.85.64.137,0,64
5953,TRS_1_65,TRS_1,65,0,0.0.0.0,10.65.65.137,0.0.0.0,10.65.65.137,255.255.255.0,255.255.255.0,0.0.0.0,10.85.85.137,0,65
5954,TRS_1_66,TRS_1,66,0,0.0.0.0,10.65.66.137,0.0.0.0,10.65.66.137,255.255.255.0,255.255.255.0,0.0.0.0,10.85.66.137,0,66
5955,TRS_1_67,TRS_1,67,0,0.0.0.0,10.65.67.137,0.0.0.0,10.65.67.137,255.255.255.0,255.255.255.0,0.0.0.0,10.85.67.137,0,67
5956,TRS_1_68,TRS_1,68,0,0.0.0.0,10.65.68.137,0.0.0.0,10.65.68.137,255.255.255.0,255.255.255.0,0.0.0.0,10.85.68.137,0,68
5957,TRS_1_69,TRS_1,69,0,0.0.0.0,10.65.69.137,0.0.0.0,10.65.69.137,255.255.255.0,255.255.255.0,0.0.0.0,10.85.69.137,0,69
5958,TRS_1_70,TRS_1,70,0,0.0.0.0,10.65.70.137,0.0.0.0,10.65.70.137,255.255.255.0,255.255.255.0,0.0.0.0,10.85.70.137,0,70
5959,TRS_1_71,TRS_1,71,0,0.0.0.0,10.65.71.137,0.0.0.0,10.65.71.137,255.255.255.0,255.255.255.0,0.0.0.0,10.85.71.137,0,71
5960,TRS_1_72,TRS_1,72,0,0.0.0.0,10.65.72.137,0.0.0.0,10.65.72.137,255.255.255.0,255.255.255.0,0.0.0.0,10.85.72.137,0,72
5961,TRS_1_73,TRS_1,73,0,0.0.0.0,10.65.73.137,0.0.0.0,10.65.73.137,255.255.255.0,255.255.255.0,0.0.0.0,10.85.73.137,0,73
5962,TRS_1_74,TRS_1,74,0,0.0.0.0,10.65.74.137,0.0.0.0,10.65.74.137,255.255.255.0,255.255.255.0,0.0.0.0,10.85.74.137,0,74
5963,TRS_1_75,TRS_1,75,0,0.0.0.0,10.65.75.137,0.0.0.0,10.65.75.137,255.255.255.0,255.255.255.0,0.0.0.0,10.85.75.137,0,75
5964,TRS_1_76,TRS_1,76,0,0.0.0.0,10.65.76.137,0.0.0.0,10.65.76.137,255.255.255.0,255.255.255.0,0.0.0.0,10.85.76.137,0,76
5965,TRS_1_77,TRS_1,77,0,0.0.0.0,10.65.77.137,0.0.0.0,10.65.77.137,255.255.255.0,255.255.255.0,0.0.0.0,10.85.77.137,0,77
5966,TRS_1_78,TRS_1,78,0,0.0.0.0,10.65.78.137,0.0.0.0,10.65.78.137,255.255.255.0,255.255.255.0,0.0.0.0,10.85.78.137,0,78
5967,TRS_1_79,TRS_1,79,0,0.0.0.0,10.65.79.137,0.0.0.0,10.65.79.137,255.255.255.0,255.255.255.0,0.0.0.0,10.85.79.137,0,79
5968,TRS_1_80,TRS_1,80,0,0.0.0.0,10.65.80.137,0.0.0.0,10.65.80.137,255.255.255.0,255.255.255.0,0.0.0.0,10.85.80.137,0,80
5969,TRS_1_81,TRS_1,81,0,0.0.0.0,10.65.81.137,0.0.0.0,10.65.81.137,255.255.255.0,255.255.255.0,0.0.0.0,10.85.81.137,0,81
5970,TRS_1_82,TRS_1,82,0,0.0.0.0,10.65.82.137,0.0.0.0,10.65.82.137,255.255.255.0,255.255.255.0,0.0.0.0,10.85.82.137,0,82
5971,TRS_1_83,TRS_1,83,0,0.0.0.0,10.65.83.137,0.0.0.0,10.65.83.137,255.255.255.0,255.255.255.0,0.0.0.0,10.85.83.137,0,83
5972,TRS_1_84,TRS_1,84,0,0.0.0.0,10.65.84.137,0.0.0.0,10.65.84.137,255.255.255.0,255.255.255.0,0.0.0.0,10.85.84.137,0,84
5973,TRS_1_85,TRS_1,85,0,0.0.0.0,10.65.85.137,0.0.0.0,10.65.85.137,255.255.255.0,255.255.255.0,0.0.0.0,10.85.85.137,0,85
5974,TRS_1_86,TRS_1,86,0,0.0.0.0,10.65.86.137,0.0.0.0,10.65.86.137,255.255.255.0,255.255.255.0,0.0.0.0,10.85.86.137,0,86
5975,TRS_1_87,TRS_1,87,0,0.0.0.0,10.65.87.137,0.0.0.0,10.65.87.137,255.255.255.0,255.255.255.0,0.0.0.0,10.85.87.137,0,87
5976,TRS_1_88,TRS_1,88,0,0.0.0.0,10.65.88.137,0.0.0.0,10.65.88.137,255.255.255.0,255.255.255.0,0.0.0.0,10.85.88.137,0,88
5977,TRS_1_89,TRS_1,89,0,0.0.0.0,10.65.89.137,0.0.0.0,10.65.89.137,255.255.255.0,255.255.255.0,0.0.0.0,10.85.89.137,0,89
5978,TRS_1_90,TRS_1,90,0,0.0.0.0,10.65.90.137,0.0.0.0,10.65.90.137,255.255.255.0,255.255.255.0,0.0.0.0,10.85.90.137,0,90
5979,TRS_1_91,TRS_1,91,0,0.0.0.0,10.65.91.137,0.0.0.0,10.65.91.137,255.255.255.0,255.255.255.0,0.0.0.0,10.85.91.137,0,91
5980,TRS_1_92,TRS_1,92,0,0.0.0.0,10.65.92.137,0.0.0.0,10.65.92.137,255.255.255.0,255.255.255.0,0.0.0.0,10.85.92.137,0,92
5981,TRS_1_93,TRS_1,93,0,0.0.0.0,10.65.93.137,0.0.0.0,10.65.93.137,255.255.255.0,255.255.255.0,0.0.0.0,10.85.93.137,0,93
5982,TRS_1_94,TRS_1,94,0,0.0.0.0,10.65.94.137,0.0.0.0,10.65.94.137,255.255.255.0,255.255.255.0,0.0.0.0,10.85.94.137,0,94
5983,TRS_1_95,TRS_1,95,0,0.0.0.0,10.65.95.137,0.0.0.0,10.65.95.137,255.255.255.0,255.255.255.0,0.0.0.0,10.85.95.137,0,95
5984,TRS_1_96,TRS_1,96,0,0.0.0.0,10.65.96.137,0.0.0.0,10.65.96.137,255.255.255.0,255.255.255.0,0.0.0.0,10.85.96.137,0,96
5985,TRS_1_97,TRS_1,97,0,0.0.0.0,10.65.97.137,0.0.0.0,10.65.97.137,255.255.255.0,255.255.255.0,0.0.0.0,10.85.97.137,0,97
5986,TRS_1_98,TRS_1,98,0,0.0.0.0,10.65.98.137,0.0.0.0,10.65.98.137,255.255.255.0,255.255.255.0,0.0.0.0,10.85.98.137,0,98
5987,TRS_1_99,TRS_1,99,0,0.0.0.0,10.65.99.137,0.0.0.0,10.65.99.137,255.255.255.0,255.255.255.0,0.0.0.0,10.85.99.137,0,99
5988,TRS_1_100,TRS_1,100,0,0.0.0.0,10.65.100.137,0.0.0.0,10.65.100.137,255.255.255.0,255.255.255.0,0.0.0.0,10.85.100.137,0,100
5989,TRS_1_101,TRS_1,101,0,0.0.0.0,10.65.101.137,0.0.0.0,10.65.101.137,255.255.255.0,255.255.255.0,0.0.0.0,10.85.101.137,0,101
5990,TRS_1_102,TRS_1,102,0,0.0.0.0,10.65.102.137,0.0.0.0,10.65.102.137,255.255.255.0,255.255.255.0,0.0.0.0,10.85.102.137,0,102
5991,TRS_1_103,TRS_1,103,0,0.0.0.0,10.65.103.137,0.0.0.0,10.65.103.137,255.255.255.0,255.255.255.0,0.0.0.0,10.85.103.137,0,103
5992,TRS_1_104,TRS_1,104,0,0.0.0.0,10.65.104.137,0.0.0.0,10.65.104.137,255.255.255.0,255.255.255.0,0.0.0.0,10.85.104.137,0,104
5993,TRS_1_105,TRS_1,105,0,0.0.0.0,10.65.105.137,0.0.0.0,10.65.105.137,255.255.255.0,255.255.255.0,0.0.0.0,10.85.105.137,0,105
5994,TRS_1_106,TRS_1,106,0,0.0.0.0,10.65.106.137,0.0.0.0,10.65.106.137,255.255.255.0,255.255.255.0,0.0.0.0,10.85.106.137,0,106
5995,TRS_1_107,TRS_1,107,0,0.0.0.0,10.65.107.137,0.0.0.0,10.65.107.137,255.255.255.0,255.255.255.0,0.0.0.0,10.85.107.137,0,107
5997,TRS_1_109,TRS_1,109,0,0.0.0.0,10.65.109.137,0.0.0.0,10.65.109.137,255.255.255.0,255.255.255.0,0.0.0.0,10.85.109.137,0,109
5999,TRS_1_111,TRS_1,111,0,0.0.0.0,10.65.111.137,0.0.0.0,10.65.111.137,255.255.255.0,255.255.255.0,0.0.0.0,10.85.111.137,0,111
6001,TRS_1_113,TRS_1,113,0,0.0.0.0,10.65.113.137,0.0.0.0,10.65.113.137,255.255.255.0,255.255.255.0,0.0.0.0,10.85.113.137,0,113
6003,TRS_1_115,TRS_1,115,0,0.0.0.0,10.65.115.137,0.0.0.0,10.65.115.137,255.255.255.0,255.255.255.0,0.0.0.0,10.85.115.137,0,115
6005,TRS_1_117,TRS_1,117,0,0.0.0.0,10.65.117.137,0.0.0.0,10.65.117.137,255.255.255.0,255.255.255.0,0.0.0.0,10.85.117.137,0,117
6007,TRS_1_119,TRS_1,119,0,0.0.0.0,10.65.119.137,0.0.0.0,10.65.119.137,255.255.255.0,255.255.255.0,0.0.0.0,10.85.119.137,0,119
6009,TRS_1_121,TRS_1,121,0,0.0.0.0,10.65.121.137,0.0.0.0,10.65.121.137,255.255.255.0,255.255.255.0,0.0.0.0,10.85.121.137,0,121
6011,TRS_1_123,TRS_1,123,0,0.0.0.0,10.65.123.137,0.0.0.0,10.65.123.137,255.255.255.0,255.255.255.0,0.0.0.0,10.85.123.137,0,123
6013,TRS_1_125,TRS_1,125,0,0.0.0.0,10.65.125.137,0.0.0.0,10.65.125.137,255.255.255.0,255.255.255.0,0.0.0.0,10.85.125.137,0,125
6015,TRS_1_127,TRS_1,127,0,0.0.0.0,10.65.127.137,0.0.0.0,10.65.127.137,255.255.255.0,255.255.255.0,0.0.0.0,10.85.127.137,0,127
6017,TRS_1_129,TRS_1,129,0,0.0.0.0,10.65.129.137,0.0.0.0,10.65.129.137,255.255.255.0,255.255.255.0,0.0.0.0,10.85.129.137,0,129
6019,TRS_1_131,TRS_1,131,0,0.0.0.0,10.65.131.137,0.0.0.0,10.65.131.137,255.255.255.0,255.255.255.0,0.0.0.0,10.85.131.137,0,131
6021,TRS_1_133,TRS_1,133,0,0.0.0.0,10.65.133.137,0.0.0.0,10.65.133.137,255.255.255.0,255.255.255.0,0.0.0.0,10.85.133.137,0,133
6023,TRS_1_135,TRS_1,135,0,0.0.0.0,10.65.135.137,0.0.0.0,10.65.135.137,255.255.255.0,255.255.255.0,0.0.0.0,10.85.135.137,0,135
6025,TRS_1_137,TRS_1,137,0,0.0.0.0,10.65.137.137,0.0.0.0,10.65.137.137,255.255.255.0,255.255.255.0,0.0.0.0,10.85.137.137,0,137
6027,TRS_1_139,TRS_1,139,0,0.0.0.0,10.65.139.137,0.0.0.0,10.65.139.137,255.255.255.0,255.255.255.0,0.0.0.0,10.85.139.137,0,139
6029,TRS_1_141,TRS_1,141,0,0.0.0.0,10.65.141.137,0.0.0.0,10.65.141.137,255.255.255.0,255.255.255.0,0.0.0.0,10.85.141.137,0,141
6031,TRS_1_143,TRS_1,143,0,0.0.0.0,10.65.143.137,0.0.0.0,10.65.143.137,255.255.255.0,255.255.255.0,0.0.0.0,10.85.143.137,0,143
6033,TRS_1_145,TRS_1,145,0,0.0.0.0,10.65.145.137,0.0.0.0,10.65.145.137,255.255.255.0,255.255.255.0,0.0.0.0,10.85.145.137,0,145
6035,TRS_1_147,TRS_1,147,0,0.0.0.0,10.65.147.137,0.0.0.0,10.65.147.137,255.255.255.0,255.255.255.0,0.0.0.0,10.85.147.137,0,147
6037,TRS_1_149,TRS_1,149,0,0.0.0.0,10.65.149.137,0.0.0.0,10.65.149.137,255.255.255.0,255.255.255.0,0.0.0.0,10.85.149.137,0,149
6039,TRS_1_151,TRS_1,151,0,0.0.0.0,10.65.151.137,0.0.0.0,10.65.151.137,255.255.255.0,255.255.255.0,0.0.0.0,10.85.151.137,0,151
6041,TRS_1_153,TRS_1,153,0,0.0.0.0,10.65.153.137,0.0.0.0,10.65.153.137,255.255.255.0,255.255.255.0,0.0.0.0,10.85.153.137,0,153
6043,TRS_1_155,TRS_1,155,0,0.0.0.0,10.65.155.137,0.0.0.0,10.65.155.137,255.255.255.0,255.255.255.0,0.0.0.0,10.85.155.137,0,155
6045,TRS_1_157,TRS_1,157,0,0.0.0.0,10.65.157.137,0.0.0.0,10.65.157.137,255.255.255.0,255.255.255.0,0.0.0.0,10.85.157.137,0,157
6047,TRS_1_159,TRS_1,159,0,0.0.0.0,10.65.159.137,0.0.0.0,10.65.159.137,255.255.255.0,255.255.255.0,0.0.0.0,10.85.159.137,0,159
6049,TRS_1_161,TRS_1,161,0,0.0.0.0,10.65.161.137,0.0.0.0,10.65.161.137,255.255.255.0,255.255.255.0,0.0.0.0,10.85.161.137,0,161
6051,TRS_1_163,TRS_1,163,0,0.0.0.0,10.65.163.137,0.0.0.0,10.65.163.137,255.255.255.0,255.255.255.0,0.0.0.0,10.85.163.137,0,163
6053,TRS_1_165,TRS_1,165,0,0.0.0.0,10.65.165.137,0.0.0.0,10.65.165.137,255.255.255.0,255.255.255.0,0.0.0.0,10.85.185.137,0,165
6055,TRS_1_167,TRS_1,167,0,0.0.0.0,10.65.167.137,0.0.0.0,10.65.167.137,255.255.255.0,255.255.255.0,0.0.0.0,10.85.167.137,0,167
6057,TRS_1_169,TRS_1,169,0,0.0.0.0,10.65.169.137,0.0.0.0,10.65.169.137,255.255.255.0,255.255.255.0,0.0.0.0,10.85.169.137,0,169
6059,TRS_1_171,TRS_1,171,0,0.0.0.0,10.65.171.137,0.0.0.0,10.65.171.137,255.255.255.0,255.255.255.0,0.0.0.0,10.85.171.137,0,171
6061,TRS_1_173,TRS_1,173,0,0.0.0.0,10.65.173.137,0.0.0.0,10.65.173.137,255.255.255.0,255.255.255.0,0.0.0.0,10.85.173.137,0,173
6063,TRS_1_175,TRS_1,175,0,0.0.0.0,10.65.175.137,0.0.0.0,10.65.175.137,255.255.255.0,255.255.255.0,0.0.0.0,10.85.175.137,0,175
6189,TRS_2_45,TRS_2,45,0,10.69.45.138,0.0.0.0,10.69.45.138,0.0.0.0,255.255.255.0,255.255.255.0,10.84.45.138,0.0.0.0,0,45
6190,TRS_2_46,TRS_2,46,0,10.69.46.138,0.0.0.0,10.69.46.138,0.0.0.0,255.255.255.0,255.255.255.0,10.84.46.138,0.0.0.0,0,46
6191,TRS_2_47,TRS_2,47,0,10.69.47.138,0.0.0.0,10.69.47.138,0.0.0.0,255.255.255.0,255.255.255.0,10.84.47.138,0.0.0.0,0,47
6192,TRS_2_48,TRS_2,48,0,10.69.48.138,0.0.0.0,10.69.48.138,0.0.0.0,255.255.255.0,255.255.255.0,10.84.48.138,0.0.0.0,0,48
6193,TRS_2_49,TRS_2,49,0,10.69.49.138,0.0.0.0,10.69.49.138,0.0.0.0,255.255.255.0,255.255.255.0,10.84.49.138,0.0.0.0,0,49
6194,TRS_2_50,TRS_2,50,0,10.69.50.138,0.0.0.0,10.69.50.138,0.0.0.0,255.255.255.0,255.255.255.0,10.84.50.138,0.0.0.0,0,50
6195,TRS_2_51,TRS_2,51,0,10.69.51.138,0.0.0.0,10.69.51.138,0.0.0.0,255.255.255.0,255.255.255.0,10.84.51.138,0.0.0.0,0,51
6196,TRS_2_52,TRS_2,52,0,10.69.52.138,0.0.0.0,10.69.52.138,0.0.0.0,255.255.255.0,255.255.255.0,10.84.52.138,0.0.0.0,0,52
6197,TRS_2_53,TRS_2,53,0,10.69.53.138,0.0.0.0,10.69.53.138,0.0.0.0,255.255.255.0,255.255.255.0,10.84.53.138,0.0.0.0,0,53
6198,TRS_2_54,TRS_2,54,0,10.69.54.138,0.0.0.0,10.69.54.138,0.0.0.0,255.255.255.0,255.255.255.0,10.84.54.138,0.0.0.0,0,54
6199,TRS_2_55,TRS_2,55,0,10.69.55.138,0.0.0.0,10.69.55.138,0.0.0.0,255.255.255.0,255.255.255.0,10.84.55.138,0.0.0.0,0,55
6200,TRS_2_56,TRS_2,56,0,10.69.56.138,0.0.0.0,10.69.56.138,0.0.0.0,255.255.255.0,255.255.255.0,10.84.56.138,0.0.0.0,0,56
6201,TRS_2_57,TRS_2,57,0,10.69.57.138,0.0.0.0,10.69.57.138,0.0.0.0,255.255.255.0,255.255.255.0,10.84.57.138,0.0.0.0,0,57
6202,TRS_2_58,TRS_2,58,0,10.69.58.138,0.0.0.0,10.69.58.138,0.0.0.0,255.255.255.0,255.255.255.0,10.84.58.138,0.0.0.0,0,58
6203,TRS_2_59,TRS_2,59,0,10.69.59.138,0.0.0.0,10.69.59.138,0.0.0.0,255.255.255.0,255.255.255.0,10.84.59.138,0.0.0.0,0,59
6204,TRS_2_60,TRS_2,60,0,10.69.60.138,0.0.0.0,10.69.60.138,0.0.0.0,255.255.255.0,255.255.255.0,10.84.60.138,0.0.0.0,0,60
6205,TRS_2_61,TRS_2,61,0,10.69.61.138,0.0.0.0,10.69.61.138,0.0.0.0,255.255.255.0,255.255.255.0,10.84.61.138,0.0.0.0,0,61
6206,TRS_2_62,TRS_2,62,0,10.69.62.138,0.0.0.0,10.69.62.138,0.0.0.0,255.255.255.0,255.255.255.0,10.84.62.138,0.0.0.0,0,62
6207,TRS_2_63,TRS_2,63,0,10.69.63.138,0.0.0.0,10.69.63.138,0.0.0.0,255.255.255.0,255.255.255.0,10.84.63.138,0.0.0.0,0,63
6208,TRS_2_64,TRS_2,64,0,10.69.64.138,0.0.0.0,10.69.64.138,0.0.0.0,255.255.255.0,255.255.255.0,10.84.64.138,0.0.0.0,0,64
6209,TRS_2_65,TRS_2,65,0,10.69.65.138,0.0.0.0,10.69.65.138,0.0.0.0,255.255.255.0,255.255.255.0,10.84.65.138,0.0.0.0,0,65
6210,TRS_2_66,TRS_2,66,0,10.69.66.138,0.0.0.0,10.69.66.138,0.0.0.0,255.255.255.0,255.255.255.0,10.84.66.138,0.0.0.0,0,66
6211,TRS_2_67,TRS_2,67,0,10.69.67.138,0.0.0.0,10.69.67.138,0.0.0.0,255.255.255.0,255.255.255.0,10.84.67.138,0.0.0.0,0,67
6212,TRS_2_68,TRS_2,68,0,10.69.68.138,0.0.0.0,10.69.68.138,0.0.0.0,255.255.255.0,255.255.255.0,10.84.68.138,0.0.0.0,0,68
6213,TRS_2_69,TRS_2,69,0,10.69.69.138,0.0.0.0,10.69.69.138,0.0.0.0,255.255.255.0,255.255.255.0,10.84.84.138,0.0.0.0,0,69
6214,TRS_2_70,TRS_2,70,0,10.69.70.138,0.0.0.0,10.69.70.138,0.0.0.0,255.255.255.0,255.255.255.0,10.84.70.138,0.0.0.0,0,70
6215,TRS_2_71,TRS_2,71,0,10.69.71.138,0.0.0.0,10.69.71.138,0.0.0.0,255.255.255.0,255.255.255.0,10.84.71.138,0.0.0.0,0,71
6216,TRS_2_72,TRS_2,72,0,10.69.72.138,0.0.0.0,10.69.72.138,0.0.0.0,255.255.255.0,255.255.255.0,10.84.72.138,0.0.0.0,0,72
6217,TRS_2_73,TRS_2,73,0,10.69.73.138,0.0.0.0,10.69.73.138,0.0.0.0,255.255.255.0,255.255.255.0,10.84.73.138,0.0.0.0,0,73
6218,TRS_2_74,TRS_2,74,0,10.69.74.138,0.0.0.0,10.69.74.138,0.0.0.0,255.255.255.0,255.255.255.0,10.84.74.138,0.0.0.0,0,74
6219,TRS_2_75,TRS_2,75,0,10.69.75.138,0.0.0.0,10.69.75.138,0.0.0.0,255.255.255.0,255.255.255.0,10.84.75.138,0.0.0.0,0,75
6220,TRS_2_76,TRS_2,76,0,10.69.76.138,0.0.0.0,10.69.76.138,0.0.0.0,255.255.255.0,255.255.255.0,10.84.76.138,0.0.0.0,0,76
6221,TRS_2_77,TRS_2,77,0,10.69.77.138,0.0.0.0,10.69.77.138,0.0.0.0,255.255.255.0,255.255.255.0,10.84.77.138,0.0.0.0,0,77
6222,TRS_2_78,TRS_2,78,0,10.69.78.138,0.0.0.0,10.69.78.138,0.0.0.0,255.255.255.0,255.255.255.0,10.84.78.138,0.0.0.0,0,78
6223,TRS_2_79,TRS_2,79,0,10.69.79.138,0.0.0.0,10.69.79.138,0.0.0.0,255.255.255.0,255.255.255.0,10.84.79.138,0.0.0.0,0,79
6224,TRS_2_80,TRS_2,80,0,10.69.80.138,0.0.0.0,10.69.80.138,0.0.0.0,255.255.255.0,255.255.255.0,10.84.80.138,0.0.0.0,0,80
6225,TRS_2_81,TRS_2,81,0,10.69.81.138,0.0.0.0,10.69.81.138,0.0.0.0,255.255.255.0,255.255.255.0,10.84.81.138,0.0.0.0,0,81
6226,TRS_2_82,TRS_2,82,0,10.69.82.138,0.0.0.0,10.69.82.138,0.0.0.0,255.255.255.0,255.255.255.0,10.84.82.138,0.0.0.0,0,82
6227,TRS_2_83,TRS_2,83,0,10.69.83.138,0.0.0.0,10.69.83.138,0.0.0.0,255.255.255.0,255.255.255.0,10.84.83.138,0.0.0.0,0,83
6228,TRS_2_84,TRS_2,84,0,10.69.84.138,0.0.0.0,10.69.84.138,0.0.0.0,255.255.255.0,255.255.255.0,10.84.84.138,0.0.0.0,0,84
6229,TRS_2_85,TRS_2,85,0,10.69.85.138,0.0.0.0,10.69.85.138,0.0.0.0,255.255.255.0,255.255.255.0,10.84.85.138,0.0.0.0,0,85
6230,TRS_2_86,TRS_2,86,0,10.69.86.138,0.0.0.0,10.69.86.138,0.0.0.0,255.255.255.0,255.255.255.0,10.84.86.138,0.0.0.0,0,86
6231,TRS_2_87,TRS_2,87,0,10.69.87.138,0.0.0.0,10.69.87.138,0.0.0.0,255.255.255.0,255.255.255.0,10.84.87.138,0.0.0.0,0,87
6232,TRS_2_88,TRS_2,88,0,10.69.88.138,0.0.0.0,10.69.88.138,0.0.0.0,255.255.255.0,255.255.255.0,10.84.88.138,0.0.0.0,0,88
6233,TRS_2_89,TRS_2,89,0,10.69.89.138,0.0.0.0,10.69.89.138,0.0.0.0,255.255.255.0,255.255.255.0,10.84.89.138,0.0.0.0,0,89
6234,TRS_2_90,TRS_2,90,0,10.69.90.138,0.0.0.0,10.69.90.138,0.0.0.0,255.255.255.0,255.255.255.0,10.84.90.138,0.0.0.0,0,90
6235,TRS_2_91,TRS_2,91,0,10.69.91.138,0.0.0.0,10.69.91.138,0.0.0.0,255.255.255.0,255.255.255.0,10.84.91.138,0.0.0.0,0,91
6236,TRS_2_92,TRS_2,92,0,10.69.92.138,0.0.0.0,10.69.92.138,0.0.0.0,255.255.255.0,255.255.255.0,10.84.92.138,0.0.0.0,0,92
6237,TRS_2_93,TRS_2,93,0,10.69.93.138,0.0.0.0,10.69.93.138,0.0.0.0,255.255.255.0,255.255.255.0,10.84.93.138,0.0.0.0,0,93
6238,TRS_2_94,TRS_2,94,0,10.69.94.138,0.0.0.0,10.69.94.138,0.0.0.0,255.255.255.0,255.255.255.0,10.84.94.138,0.0.0.0,0,94
6239,TRS_2_95,TRS_2,95,0,10.69.95.138,0.0.0.0,10.69.95.138,0.0.0.0,255.255.255.0,255.255.255.0,10.84.95.138,0.0.0.0,0,95
6240,TRS_2_96,TRS_2,96,0,10.69.96.138,0.0.0.0,10.69.96.138,0.0.0.0,255.255.255.0,255.255.255.0,10.84.96.138,0.0.0.0,0,96
6241,TRS_2_97,TRS_2,97,0,10.69.97.138,0.0.0.0,10.69.97.138,0.0.0.0,255.255.255.0,255.255.255.0,10.84.97.138,0.0.0.0,0,97
6242,TRS_2_98,TRS_2,98,0,10.69.98.138,0.0.0.0,10.69.98.138,0.0.0.0,255.255.255.0,255.255.255.0,10.84.98.138,0.0.0.0,0,98
6243,TRS_2_99,TRS_2,99,0,10.69.99.138,0.0.0.0,10.69.99.138,0.0.0.0,255.255.255.0,255.255.255.0,10.84.99.138,0.0.0.0,0,99
6244,TRS_2_100,TRS_2,100,0,10.69.100.138,0.0.0.0,10.69.100.138,0.0.0.0,255.255.255.0,255.255.255.0,10.84.100.138,0.0.0.0,0,100
6245,TRS_2_101,TRS_2,101,0,10.69.101.138,0.0.0.0,10.69.101.138,0.0.0.0,255.255.255.0,255.255.255.0,10.84.101.138,0.0.0.0,0,101
6246,TRS_2_102,TRS_2,102,0,10.69.102.138,0.0.0.0,10.69.102.138,0.0.0.0,255.255.255.0,255.255.255.0,10.84.102.138,0.0.0.0,0,102
6247,TRS_2_103,TRS_2,103,0,10.69.103.138,0.0.0.0,10.69.103.138,0.0.0.0,255.255.255.0,255.255.255.0,10.84.103.138,0.0.0.0,0,103
6248,TRS_2_104,TRS_2,104,0,10.69.104.138,0.0.0.0,10.69.104.138,0.0.0.0,255.255.255.0,255.255.255.0,10.84.104.138,0.0.0.0,0,104
6249,TRS_2_105,TRS_2,105,0,10.69.105.138,0.0.0.0,10.69.105.138,0.0.0.0,255.255.255.0,255.255.255.0,10.84.105.138,0.0.0.0,0,105
6250,TRS_2_106,TRS_2,106,0,10.69.106.138,0.0.0.0,10.69.106.138,0.0.0.0,255.255.255.0,255.255.255.0,10.84.106.138,0.0.0.0,0,106
6251,TRS_2_107,TRS_2,107,0,10.69.107.138,0.0.0.0,10.69.107.138,0.0.0.0,255.255.255.0,255.255.255.0,10.84.107.138,0.0.0.0,0,107
6253,TRS_2_109,TRS_2,109,0,10.69.109.138,0.0.0.0,10.69.109.138,0.0.0.0,255.255.255.0,255.255.255.0,10.84.109.138,0.0.0.0,0,109
6255,TRS_2_111,TRS_2,111,0,10.69.111.138,0.0.0.0,10.69.111.138,0.0.0.0,255.255.255.0,255.255.255.0,10.84.111.138,0.0.0.0,0,111
6257,TRS_2_113,TRS_2,113,0,10.69.113.138,0.0.0.0,10.69.113.138,0.0.0.0,255.255.255.0,255.255.255.0,10.84.113.138,0.0.0.0,0,113
6259,TRS_2_115,TRS_2,115,0,10.69.115.138,0.0.0.0,10.69.115.138,0.0.0.0,255.255.255.0,255.255.255.0,10.84.115.138,0.0.0.0,0,115
6261,TRS_2_117,TRS_2,117,0,10.69.117.138,0.0.0.0,10.69.117.138,0.0.0.0,255.255.255.0,255.255.255.0,10.84.117.138,0.0.0.0,0,117
6263,TRS_2_119,TRS_2,119,0,10.69.119.138,0.0.0.0,10.69.119.138,0.0.0.0,255.255.255.0,255.255.255.0,10.84.119.138,0.0.0.0,0,119
6265,TRS_2_121,TRS_2,121,0,10.69.121.138,0.0.0.0,10.69.121.138,0.0.0.0,255.255.255.0,255.255.255.0,10.84.121.138,0.0.0.0,0,121
6267,TRS_2_123,TRS_2,123,0,10.69.123.138,0.0.0.0,10.69.123.138,0.0.0.0,255.255.255.0,255.255.255.0,10.84.123.138,0.0.0.0,0,123
6269,TRS_2_125,TRS_2,125,0,10.69.125.138,0.0.0.0,10.69.125.138,0.0.0.0,255.255.255.0,255.255.255.0,10.84.125.138,0.0.0.0,0,125
6271,TRS_2_127,TRS_2,127,0,10.69.127.138,0.0.0.0,10.69.127.138,0.0.0.0,255.255.255.0,255.255.255.0,10.84.127.138,0.0.0.0,0,127
6273,TRS_2_129,TRS_2,129,0,10.69.129.138,0.0.0.0,10.69.129.138,0.0.0.0,255.255.255.0,255.255.255.0,10.84.129.138,0.0.0.0,0,129
6275,TRS_2_131,TRS_2,131,0,10.69.131.138,0.0.0.0,10.69.131.138,0.0.0.0,255.255.255.0,255.255.255.0,10.84.131.138,0.0.0.0,0,131
6277,TRS_2_133,TRS_2,133,0,10.69.133.138,0.0.0.0,10.69.133.138,0.0.0.0,255.255.255.0,255.255.255.0,10.84.133.138,0.0.0.0,0,133
6279,TRS_2_135,TRS_2,135,0,10.69.135.138,0.0.0.0,10.69.135.138,0.0.0.0,255.255.255.0,255.255.255.0,10.84.135.138,0.0.0.0,0,135
6281,TRS_2_137,TRS_2,137,0,10.69.137.138,0.0.0.0,10.69.137.138,0.0.0.0,255.255.255.0,255.255.255.0,10.84.137.138,0.0.0.0,0,137
6283,TRS_2_139,TRS_2,139,0,10.69.139.138,0.0.0.0,10.69.139.138,0.0.0.0,255.255.255.0,255.255.255.0,10.84.139.138,0.0.0.0,0,139
6285,TRS_2_141,TRS_2,141,0,10.69.141.138,0.0.0.0,10.69.141.138,0.0.0.0,255.255.255.0,255.255.255.0,10.84.141.138,0.0.0.0,0,141
6287,TRS_2_143,TRS_2,143,0,10.69.143.138,0.0.0.0,10.69.143.138,0.0.0.0,255.255.255.0,255.255.255.0,10.84.143.138,0.0.0.0,0,143
6289,TRS_2_145,TRS_2,145,0,10.69.145.138,0.0.0.0,10.69.145.138,0.0.0.0,255.255.255.0,255.255.255.0,10.84.145.138,0.0.0.0,0,145
6291,TRS_2_147,TRS_2,147,0,10.69.147.138,0.0.0.0,10.69.147.138,0.0.0.0,255.255.255.0,255.255.255.0,10.84.147.138,0.0.0.0,0,147
6293,TRS_2_149,TRS_2,149,0,10.69.149.138,0.0.0.0,10.69.149.138,0.0.0.0,255.255.255.0,255.255.255.0,10.84.149.138,0.0.0.0,0,149
6295,TRS_2_151,TRS_2,151,0,10.69.151.138,0.0.0.0,10.69.151.138,0.0.0.0,255.255.255.0,255.255.255.0,10.84.151.138,0.0.0.0,0,151
6297,TRS_2_153,TRS_2,153,0,10.69.153.138,0.0.0.0,10.69.153.138,0.0.0.0,255.255.255.0,255.255.255.0,10.84.153.138,0.0.0.0,0,153
6299,TRS_2_155,TRS_2,155,0,10.69.155.138,0.0.0.0,10.69.155.138,0.0.0.0,255.255.255.0,255.255.255.0,10.84.155.138,0.0.0.0,0,155
6301,TRS_2_157,TRS_2,157,0,10.69.157.138,0.0.0.0,10.69.157.138,0.0.0.0,255.255.255.0,255.255.255.0,10.84.157.138,0.0.0.0,0,157
6303,TRS_2_159,TRS_2,159,0,10.69.159.138,0.0.0.0,10.69.159.138,0.0.0.0,255.255.255.0,255.255.255.0,10.84.159.138,0.0.0.0,0,159
6305,TRS_2_161,TRS_2,161,0,10.69.161.138,0.0.0.0,10.69.161.138,0.0.0.0,255.255.255.0,255.255.255.0,10.84.161.138,0.0.0.0,0,161
6307,TRS_2_163,TRS_2,163,0,10.69.163.138,0.0.0.0,10.69.163.138,0.0.0.0,255.255.255.0,255.255.255.0,10.84.163.138,0.0.0.0,0,163
6309,TRS_2_165,TRS_2,165,0,10.69.165.138,0.0.0.0,10.69.165.138,0.0.0.0,255.255.255.0,255.255.255.0,10.84.165.138,0.0.0.0,0,165
6311,TRS_2_167,TRS_2,167,0,10.69.167.138,0.0.0.0,10.69.167.138,0.0.0.0,255.255.255.0,255.255.255.0,10.84.167.138,0.0.0.0,0,167
6313,TRS_2_169,TRS_2,169,0,10.69.169.138,0.0.0.0,10.69.169.138,0.0.0.0,255.255.255.0,255.255.255.0,10.84.184.138,0.0.0.0,0,169
6315,TRS_2_171,TRS_2,171,0,10.69.171.138,0.0.0.0,10.69.171.138,0.0.0.0,255.255.255.0,255.255.255.0,10.84.171.138,0.0.0.0,0,171
6317,TRS_2_173,TRS_2,173,0,10.69.173.138,0.0.0.0,10.69.173.138,0.0.0.0,255.255.255.0,255.255.255.0,10.84.173.138,0.0.0.0,0,173
6319,TRS_2_175,TRS_2,175,0,10.69.175.138,0.0.0.0,10.69.175.138,0.0.0.0,255.255.255.0,255.255.255.0,10.84.175.138,0.0.0.0,0,175
