ID,Name,Track_ID,KpValue,KpCorrected_Trolley_Value
4812,BC_4812,TR_3A_SLW_ZD,452562,0
6817,BC_6817,TR_3A_SLW_ZD,458062,-21
4813,BC_4813,TR_3A_SLW_ZD,463772,28
6818,BC_6818,TR_3A_SLW_ZD,465972,45
2959,BC_2959,TR_3A_SLW_ZD,466678,56
2960,BC_2960,TR_3A_SLW_ZD,468418,29
2961,BC_2961,TR_3A_SLW_ZD,469352,23
2963,BC_2963,TR_3A_SLW_ZD,469775,26
2964,BC_2964,TR_3A_SLW_ZD,471092,68
2965,BC_2965,TR_3A_SLW_ZD,471515,4
6819,BC_6819,TR_3A_SLW_ZD,474895,-29
4814,BC_4814,TR_3A_SLW_ZD,479000,-14
6821,BC_6821,TR_3A_SLW_ZD,482805,55
4816,BC_4816,TR_3A_SLW_ZD,488305,-23
5539,BC_5539,TR_3A_SLW_ZD,492500,-122
5540,BC_5540,TR_3A_SLW_ZD,501000,-7
1500,BC_1500,TR_3A_SLW_ZD,509600,0
1501,BC_1501,TR_3A_SLW_ZD,511700,35
5541,BC_5541,TR_3A_SLW_ZD,520300,0
5542,BC_5542,TR_3A_SLW_ZD,536535,0
5543,BC_5543,TR_3A_SLW_ZD,552535,0
5544,BC_5544,TR_3A_SLW_ZD,568535,0
4817,BC_4817,TR_3A_SLW_ZD,576469,21
6822,BC_6822,TR_3A_SLW_ZD,582569,-75
2967,BC_2967,TR_3A_SLW_ZD,584839,-13
2968,BC_2968,TR_3A_SLW_ZD,585219,-35
2969,BC_2969,TR_3A_SLW_ZD,586639,-21
6823,BC_6823,TR_3A_SLW_ZD,588129,-8
6824,BC_6824,TR_3A_SLW_ZD,590129,-14
6826,BC_6826,TR_3A_SLW_ZD,592129,-9
2970,BC_2970,TR_3A_SLW_ZD,593619,1
2971,BC_2971,TR_3A_SLW_ZD,595039,11
2972,BC_2972,TR_3A_SLW_ZD,595419,-13
6828,BC_6828,TR_3A_SLW_ZD,597689,-35
4818,BC_4818,TR_3A_SLW_ZD,603789,1
5545,BC_5545,TR_3A_SLW_ZD,619789,-13
5546,BC_5546,TR_3A_SLW_ZD,631100,0
5547,BC_5547,TR_3A_SLW_ZD,647100,3
1502,BC_1502,TR_3A_SLW_ZD,663100,3
1503,BC_1503,TR_3A_SLW_ZD,665200,-32
5548,BC_5548,TR_3A_SLW_ZD,681200,0
5549,BC_5549,TR_3A_SLW_ZD,697200,0
5550,BC_5550,TR_3A_SLW_ZD,713200,31
5551,BC_5551,TR_3A_SLW_ZD,729200,-47
5552,BC_5552,TR_3A_SLW_ZD,745200,-43
5553,BC_5553,TR_3A_SLW_ZD,761200,-47
5554,BC_5554,TR_3A_SLW_ZD,777200,-56
5555,BC_5555,TR_3A_SLW_ZD,793200,-60
4819,BC_4819,TR_3A_SLW_ZD,803485,-63
6829,BC_6829,TR_3A_SLW_ZD,807895,-41
2973,BC_2973,TR_3A_SLW_ZD,811225,-44
2974,BC_2974,TR_3A_SLW_ZD,811615,-13
2975,BC_2975,TR_3A_SLW_ZD,813355,-40
6830,BC_6830,TR_3A_SLW_ZD,816735,-58
6832,BC_6832,TR_3A_SLW_ZD,818935,-48
2976,BC_2976,TR_3A_SLW_ZD,820325,-10
2977,BC_2977,TR_3A_SLW_ZD,821455,1
2978,BC_2978,TR_3A_SLW_ZD,821845,-32
2979,BC_2979,TR_3A_SLW_ZD,822135,-36
6833,BC_6833,TR_3A_SLW_ZD,824645,-46
4820,BC_4820,TR_3A_SLW_ZD,830145,-39
4821,BC_4821,TR_3A_SLW_ZD,840000,15
1504,BC_1504,TR_3A_SLW_ZD,842000,13
1505,BC_1505,TR_3A_SLW_ZD,844100,-9
4822,BC_4822,TR_3A_SLW_ZD,846230,3
6834,BC_6834,TR_3A_SLW_ZD,851730,0
5556,BC_5556,TR_3A_SLW_ZD,867700,0
5557,BC_5557,TR_3A_SLW_ZD,883700,0
1506,BC_1506,TR_3A_SLW_ZD,887370,897
1507,BC_1507,TR_3A_SLW_ZD,889470,870
5558,BC_5558,TR_3A_SLW_ZD,898070,918
6835,BC_6835,TR_3A_SLW_ZD,905670,841
4823,BC_4823,TR_3A_SLW_ZD,909480,900
6837,BC_6837,TR_3A_SLW_ZD,914980,823
2980,BC_2980,TR_3A_SLW_ZD,917490,816
2982,BC_2982,TR_3A_SLW_ZD,917780,815
2983,BC_2983,TR_3A_SLW_ZD,918170,852
2984,BC_2984,TR_3A_SLW_ZD,919300,862
6838,BC_6838,TR_3A_SLW_ZD,920690,834
6839,BC_6839,TR_3A_SLW_ZD,922890,912
2985,BC_2985,TR_3A_SLW_ZD,926270,884
2986,BC_2986,TR_3A_SLW_ZD,928010,943
2987,BC_2987,TR_3A_SLW_ZD,928400,902
6840,BC_6840,TR_3A_SLW_ZD,931730,1732
4824,BC_4824,TR_3A_SLW_ZD,936140,328
5559,BC_5559,TR_3A_SLW_ZD,945700,401
1508,BC_1508,TR_3A_SLW_ZD,954300,941
1510,BC_1510,TR_3A_SLW_ZD,956400,916
5560,BC_5560,TR_3A_SLW_ZD,965000,878
5561,BC_5561,TR_3A_SLW_ZD,981000,872
5562,BC_5562,TR_3A_SLW_ZD,997200,801
5565,BC_5565,TR_3A_SLW_ZD,1013400,776
4825,BC_4825,TR_4A_SLW_ZD,452447,-2138
6841,BC_6841,TR_4A_SLW_ZD,457947,-84
4826,BC_4826,TR_4A_SLW_ZD,463657,34
6842,BC_6842,TR_4A_SLW_ZD,465857,-23
2988,BC_2988,TR_4A_SLW_ZD,466563,-20
2989,BC_2989,TR_4A_SLW_ZD,468303,-41
2991,BC_2991,TR_4A_SLW_ZD,469237,-52
2992,BC_2992,TR_4A_SLW_ZD,469660,25
2994,BC_2994,TR_4A_SLW_ZD,470977,-3
2996,BC_2996,TR_4A_SLW_ZD,471400,1
6843,BC_6843,TR_4A_SLW_ZD,474780,-12
4827,BC_4827,TR_4A_SLW_ZD,479000,10
6844,BC_6844,TR_4A_SLW_ZD,482690,-9
4828,BC_4828,TR_4A_SLW_ZD,488190,-19
5566,BC_5566,TR_4A_SLW_ZD,492000,86
5567,BC_5567,TR_4A_SLW_ZD,500600,3
1511,BC_1511,TR_4A_SLW_ZD,509000,-134
1512,BC_1512,TR_4A_SLW_ZD,511100,-105
5568,BC_5568,TR_4A_SLW_ZD,519500,-131
5569,BC_5569,TR_4A_SLW_ZD,535500,-156
5570,BC_5570,TR_4A_SLW_ZD,551500,105
5571,BC_5571,TR_4A_SLW_ZD,567500,62
4829,BC_4829,TR_4A_SLW_ZD,577022,-1657
6845,BC_6845,TR_4A_SLW_ZD,583122,-124
2997,BC_2997,TR_4A_SLW_ZD,585392,-14
2998,BC_2998,TR_4A_SLW_ZD,585772,-40
2999,BC_2999,TR_4A_SLW_ZD,587192,-31
6846,BC_6846,TR_4A_SLW_ZD,588682,-26
6847,BC_6847,TR_4A_SLW_ZD,590682,-30
6848,BC_6848,TR_4A_SLW_ZD,592682,-35
6000,BC_6000,TR_4A_SLW_ZD,594172,-27
6001,BC_6001,TR_4A_SLW_ZD,595592,-21
6002,BC_6002,TR_4A_SLW_ZD,595972,-44
6849,BC_6849,TR_4A_SLW_ZD,598242,-69
4830,BC_4830,TR_4A_SLW_ZD,604342,-111
5572,BC_5572,TR_4A_SLW_ZD,620342,-21
5573,BC_5573,TR_4A_SLW_ZD,636342,-2
5574,BC_5574,TR_4A_SLW_ZD,652342,-14
1514,BC_1514,TR_4A_SLW_ZD,668342,-68
1515,BC_1515,TR_4A_SLW_ZD,670442,-38
5575,BC_5575,TR_4A_SLW_ZD,686442,-19
5576,BC_5576,TR_4A_SLW_ZD,702442,48
5577,BC_5577,TR_4A_SLW_ZD,718442,124
5581,BC_5581,TR_4A_SLW_ZD,734442,-24
5582,BC_5582,TR_4A_SLW_ZD,750442,0
5584,BC_5584,TR_4A_SLW_ZD,766442,60
5585,BC_5585,TR_4A_SLW_ZD,782442,64
5587,BC_5587,TR_4A_SLW_ZD,798442,69
4831,BC_4831,TR_4A_SLW_ZD,804501,19
6850,BC_6850,TR_4A_SLW_ZD,808911,37
6003,BC_6003,TR_4A_SLW_ZD,812241,31
6004,BC_6004,TR_4A_SLW_ZD,812631,-4
6006,BC_6006,TR_4A_SLW_ZD,814371,46
6851,BC_6851,TR_4A_SLW_ZD,817751,23
6852,BC_6852,TR_4A_SLW_ZD,819951,35
6007,BC_6007,TR_4A_SLW_ZD,821341,2
6008,BC_6008,TR_4A_SLW_ZD,822471,11
6009,BC_6009,TR_4A_SLW_ZD,822861,-19
6010,BC_6010,TR_4A_SLW_ZD,823151,-24
6853,BC_6853,TR_4A_SLW_ZD,825661,7422339
4832,BC_4832,TR_4A_SLW_ZD,831161,74
5589,BC_5589,TR_4A_SLW_ZD,842297,0
5590,BC_5590,TR_4A_SLW_ZD,858297,0
5591,BC_5591,TR_4A_SLW_ZD,874297,0
5593,BC_5593,TR_4A_SLW_ZD,881997,0
1516,BC_1516,TR_4A_SLW_ZD,890497,148
1518,BC_1518,TR_4A_SLW_ZD,892597,126
5594,BC_5594,TR_4A_SLW_ZD,901097,11
4833,BC_4833,TR_4A_SLW_ZD,909597,1803
6854,BC_6854,TR_4A_SLW_ZD,915097,148
6011,BC_6011,TR_4A_SLW_ZD,917607,0
6012,BC_6012,TR_4A_SLW_ZD,917897,-7
6013,BC_6013,TR_4A_SLW_ZD,918287,29
6014,BC_6014,TR_4A_SLW_ZD,919417,42
6855,BC_6855,TR_4A_SLW_ZD,920807,8
6856,BC_6856,TR_4A_SLW_ZD,923007,31
6015,BC_6015,TR_4A_SLW_ZD,926387,3
6016,BC_6016,TR_4A_SLW_ZD,928127,-22
6017,BC_6017,TR_4A_SLW_ZD,928517,13
6857,BC_6857,TR_4A_SLW_ZD,931847,-5
4834,BC_4834,TR_4A_SLW_ZD,936257,9
5595,BC_5595,TR_4A_SLW_ZD,946000,52
1519,BC_1519,TR_4A_SLW_ZD,954300,18
1521,BC_1521,TR_4A_SLW_ZD,956400,55
5596,BC_5596,TR_4A_SLW_ZD,965000,37
5598,BC_5598,TR_4A_SLW_ZD,981000,-61
5600,BC_5600,TR_4A_SLW_ZD,997000,-76
5601,BC_5601,TR_4A_SLW_ZD,1013000,-112
5602,BC_5602,TR_4A_SLW_ZD,1025000,-83
6878,BC_6878,TR_S_1921_ZD,981200,-6916
6182,BC_6182,TR_S_1921_ZD,982822,326
6183,BC_6183,TR_S_1921_ZD,983202,276
6184,BC_6184,TR_S_1921_ZD,984562,326
6185,BC_6185,TR_S_1921_ZD,984942,276
6186,BC_6186,TR_S_1921_ZD,986402,276
6187,BC_6187,TR_S_1921_ZD,986822,276
6188,BC_6188,TR_S_1921_ZD,988142,276
6190,BC_6190,TR_S_1921_ZD,988562,276
6191,BC_6191,TR_S_1921_ZD,989602,276
6193,BC_6193,TR_S_1921_ZD,990022,276
6194,BC_6194,TR_S_1921_ZD,991342,276
6195,BC_6195,TR_S_1921_ZD,991762,276
6196,BC_6196,TR_S_1921_ZD,992802,276
6197,BC_6197,TR_S_1921_ZD,993222,276
6198,BC_6198,TR_S_1921_ZD,994542,276
6199,BC_6199,TR_S_1921_ZD,994962,276
6200,BC_6200,TR_S_1921_ZD,996102,176
6201,BC_6201,TR_S_1921_ZD,996422,276
6202,BC_6202,TR_S_1921_ZD,997842,176
6203,BC_6203,TR_S_1921_ZD,998162,276
6206,BC_6206,TR_S_1921_ZD,1000202,-624
6209,BC_6209,TR_S_1921_ZD,1001942,-1944
6210,BC_6210,TR_S_1921_ZD,1003402,-2084
6211,BC_6211,TR_S_1921_ZD,1003822,-2084
6212,BC_6212,TR_S_1921_ZD,1005142,-2364
6213,BC_6213,TR_S_1921_ZD,1005562,-2364
6215,BC_6215,TR_S_1921_ZD,1006602,-2084
6216,BC_6216,TR_S_1921_ZD,1007022,-2084
6217,BC_6217,TR_S_1921_ZD,1008342,-2364
6218,BC_6218,TR_S_1921_ZD,1008762,-2364
6220,BC_6220,TR_S_1921_ZD,1009913,-2195
6221,BC_6221,TR_S_1921_ZD,1010222,-2084
6224,BC_6224,TR_S_1921_ZD,1011653,-2055
6225,BC_6225,TR_S_1921_ZD,1011962,-2034
6879,BC_6879,TR_S_1921_ZD,1014900,-182
6880,BC_6880,TR_S_1921_ZD,1023252,-1752
6873,BC_6873,TR_S_1915_ZD,980865,-51401
6076,BC_6076,TR_S_1915_ZD,984245,-51731
6078,BC_6078,TR_S_1915_ZD,985985,-53141
6079,BC_6079,TR_S_1915_ZD,987445,-53191
6080,BC_6080,TR_S_1915_ZD,987865,-53281
6083,BC_6083,TR_S_1915_ZD,989185,-53141
6084,BC_6084,TR_S_1915_ZD,989605,-53141
6085,BC_6085,TR_S_1915_ZD,990645,-52861
6087,BC_6087,TR_S_1915_ZD,991065,-52861
6088,BC_6088,TR_S_1915_ZD,992385,-53141
6089,BC_6089,TR_S_1915_ZD,992805,-53141
6092,BC_6092,TR_S_1915_ZD,993845,-52861
6093,BC_6093,TR_S_1915_ZD,994265,-52861
6094,BC_6094,TR_S_1915_ZD,995585,-53141
6095,BC_6095,TR_S_1915_ZD,996005,-53141
6097,BC_6097,TR_S_1915_ZD,997045,-52861
6098,BC_6098,TR_S_1915_ZD,997465,-52861
6100,BC_6100,TR_S_1915_ZD,998785,-53141
6101,BC_6101,TR_S_1915_ZD,999205,-53141
6102,BC_6102,TR_S_1915_ZD,1000645,-53261
6103,BC_6103,TR_S_1915_ZD,1001065,-53261
6104,BC_6104,TR_S_1915_ZD,1002385,-53441
6105,BC_6105,TR_S_1915_ZD,1002805,-53441
6106,BC_6106,TR_S_1915_ZD,1003845,-53161
6107,BC_6107,TR_S_1915_ZD,1004265,-53161
6108,BC_6108,TR_S_1915_ZD,1005585,-53441
6109,BC_6109,TR_S_1915_ZD,1006005,-53441
6111,BC_6111,TR_S_1915_ZD,1007045,-53161
6112,BC_6112,TR_S_1915_ZD,1007465,-53161
6113,BC_6113,TR_S_1915_ZD,1008785,-53441
6115,BC_6115,TR_S_1915_ZD,1009205,-53441
6117,BC_6117,TR_S_1915_ZD,1010665,-53581
6119,BC_6119,TR_S_1915_ZD,1012405,-54901
4847,BC_4847,TR_S_1915_ZD,1017985,-51701
6875,BC_6875,TR_S_1915_ZD,1024500,-54000
4848,BC_4848,TR_S_1915_ZD,1029195,-51701
4850,BC_4850,TR_7B_ZD_ZD,978273,-56
6226,BC_6226,TR_7B_ZD_ZD,983500,-33
6227,BC_6227,TR_7B_ZD_ZD,983853,-56
6228,BC_6228,TR_7B_ZD_ZD,985413,26574
6229,BC_6229,TR_7B_ZD_ZD,985593,-386
6230,BC_6230,TR_7B_ZD_ZD,987053,-1516
6231,BC_6231,TR_7B_ZD_ZD,987473,-476
6232,BC_6232,TR_7B_ZD_ZD,988793,-1376
6233,BC_6233,TR_7B_ZD_ZD,989213,-476
6234,BC_6234,TR_7B_ZD_ZD,990253,-1096
6235,BC_6235,TR_7B_ZD_ZD,990673,-476
6236,BC_6236,TR_7B_ZD_ZD,991993,-1376
6237,BC_6237,TR_7B_ZD_ZD,992413,-476
6239,BC_6239,TR_7B_ZD_ZD,993453,-1096
6240,BC_6240,TR_7B_ZD_ZD,993873,-476
6241,BC_6241,TR_7B_ZD_ZD,995193,-1376
6242,BC_6242,TR_7B_ZD_ZD,995613,-476
6243,BC_6243,TR_7B_ZD_ZD,996653,-1096
6244,BC_6244,TR_7B_ZD_ZD,997073,-476
6245,BC_6245,TR_7B_ZD_ZD,998393,-1376
6246,BC_6246,TR_7B_ZD_ZD,998813,-476
6247,BC_6247,TR_7B_ZD_ZD,1000253,-1496
6249,BC_6249,TR_7B_ZD_ZD,1000673,-776
6250,BC_6250,TR_7B_ZD_ZD,1001993,-1676
6253,BC_6253,TR_7B_ZD_ZD,1002413,-776
6254,BC_6254,TR_7B_ZD_ZD,1003453,-1396
6255,BC_6255,TR_7B_ZD_ZD,1003873,-776
6256,BC_6256,TR_7B_ZD_ZD,1005193,-1676
6257,BC_6257,TR_7B_ZD_ZD,1005613,-776
6261,BC_6261,TR_7B_ZD_ZD,1006653,-1396
6263,BC_6263,TR_7B_ZD_ZD,1007073,-776
6264,BC_6264,TR_7B_ZD_ZD,1008393,-1676
6265,BC_6265,TR_7B_ZD_ZD,1008813,-776
6266,BC_6266,TR_7B_ZD_ZD,1009973,-1516
6267,BC_6267,TR_7B_ZD_ZD,1010273,-356
6268,BC_6268,TR_7B_ZD_ZD,1011713,-1466
6269,BC_6269,TR_7B_ZD_ZD,1012013,-356
6881,BC_6881,TR_7B_ZD_ZD,1015393,-593
2500,BC_2500,TR_2A_CS_GN,12384,-28
2501,BC_2501,TR_2A_CS_GN,14124,11
4300,BC_4300,TR_2A_CS_GN,17504,-14
4301,BC_4301,TR_2A_CS_GN,19704,-74
2503,BC_2503,TR_2A_CS_GN,21094,-41
2504,BC_2504,TR_2A_CS_GN,22224,-100
2505,BC_2505,TR_2A_CS_GN,22614,-64
2506,BC_2506,TR_2A_CS_GN,22904,-68
4302,BC_4302,TR_2A_CS_GN,25000,-99
4700,BC_4700,TR_2A_CS_GN,32318,-1518
4303,BC_4303,TR_2A_CS_GN,36300,-19
5400,BC_5400,TR_2A_CS_GN,52300,-12
5401,BC_5401,TR_2A_CS_GN,59100,-39
1400,BC_1400,TR_2A_CS_GN,73000,159
1401,BC_1401,TR_2A_CS_GN,75100,191
4701,BC_4701,TR_2A_CS_GN,79963,181
4305,BC_4305,TR_2A_CS_GN,86063,99
2507,BC_2507,TR_2A_CS_GN,88333,102
2508,BC_2508,TR_2A_CS_GN,88713,148
2509,BC_2509,TR_2A_CS_GN,90133,153
4306,BC_4306,TR_2A_CS_GN,91623,87
4307,BC_4307,TR_2A_CS_GN,93623,80
4308,BC_4308,TR_2A_CS_GN,95623,75
2510,BC_2510,TR_2A_CS_GN,97113,77
2511,BC_2511,TR_2A_CS_GN,98533,81
2512,BC_2512,TR_2A_CS_GN,98913,36
4309,BC_4309,TR_2A_CS_GN,101183,33
4702,BC_4702,TR_2A_CS_GN,107283,49
1402,BC_1402,TR_2A_CS_GN,121469,-39
1403,BC_1403,TR_2A_CS_GN,123569,254
4703,BC_4703,TR_2A_CS_GN,136411,179
4310,BC_4310,TR_2A_CS_GN,142511,188
2513,BC_2513,TR_2A_CS_GN,144781,196
2514,BC_2514,TR_2A_CS_GN,145161,173
2515,BC_2515,TR_2A_CS_GN,146581,179
4311,BC_4311,TR_2A_CS_GN,148071,187
4313,BC_4313,TR_2A_CS_GN,150071,181
4316,BC_4316,TR_2A_CS_GN,152071,-37
2516,BC_2516,TR_2A_CS_GN,153561,-29
2517,BC_2517,TR_2A_CS_GN,154981,-26
2518,BC_2518,TR_2A_CS_GN,155361,-10
4317,BC_4317,TR_2A_CS_GN,157631,-17
4704,BC_4704,TR_2A_CS_GN,163731,3
5402,BC_5402,TR_2A_CS_GN,170543,-6
1404,BC_1404,TR_2A_CS_GN,179043,-29
1405,BC_1405,TR_2A_CS_GN,181143,80
5403,BC_5403,TR_2A_CS_GN,188211,63
5404,BC_5404,TR_2A_CS_GN,196711,49
4705,BC_4705,TR_2A_CS_GN,205211,23
4318,BC_4318,TR_2A_CS_GN,211251,1
2520,BC_2520,TR_2A_CS_GN,213581,-31
2521,BC_2521,TR_2A_CS_GN,213961,-55
2522,BC_2522,TR_2A_CS_GN,215381,-52
4319,BC_4319,TR_2A_CS_GN,216871,-47
4320,BC_4320,TR_2A_CS_GN,218871,20
4321,BC_4321,TR_2A_CS_GN,220871,13
2523,BC_2523,TR_2A_CS_GN,222361,21
2524,BC_2524,TR_2A_CS_GN,223781,-46
2525,BC_2525,TR_2A_CS_GN,224161,-69
4322,BC_4322,TR_2A_CS_GN,226431,5
4706,BC_4706,TR_2A_CS_GN,232531,-27
1406,BC_1406,TR_2A_CS_GN,234300,-10
1407,BC_1407,TR_2A_CS_GN,236400,26
5406,BC_5406,TR_2A_CS_GN,238500,-16
5407,BC_5407,TR_2A_CS_GN,254000,-18
5408,BC_5408,TR_2A_CS_GN,270000,-103
5409,BC_5409,TR_2A_CS_GN,280000,101
4708,BC_4708,TR_2A_CS_GN,289792,75
4323,BC_4323,TR_2A_CS_GN,295892,48
2526,BC_2526,TR_2A_CS_GN,298162,61
2527,BC_2527,TR_2A_CS_GN,298542,36
2528,BC_2528,TR_2A_CS_GN,299962,38
4325,BC_4325,TR_2A_CS_GN,301452,41
4326,BC_4326,TR_2A_CS_GN,303452,34
4327,BC_4327,TR_2A_CS_GN,305452,29
2529,BC_2529,TR_2A_CS_GN,306942,34
2530,BC_2530,TR_2A_CS_GN,308362,35
2531,BC_2531,TR_2A_CS_GN,308742,13
4328,BC_4328,TR_2A_CS_GN,311012,19
2532,BC_2532,TR_2A_CS_GN,314402,-30
2533,BC_2533,TR_2A_CS_GN,315232,-8
2534,BC_2534,TR_2A_CS_GN,316282,6
4329,BC_4329,TR_2A_CS_GN,319131,0
4330,BC_4330,TR_2A_CS_GN,323102,-50
2535,BC_2535,TR_2A_CS_GN,325457,-51
4331,BC_4331,TR_2A_CS_GN,328283,-25
1408,BC_1408,TR_2A_CS_GN,332773,-29
1409,BC_1409,TR_2A_CS_GN,334873,-61
5410,BC_5410,TR_2A_CS_GN,350873,101
5412,BC_5412,TR_2A_CS_GN,366873,72
4709,BC_4709,TR_2A_CS_GN,378000,-14
4710,BC_4710,TR_2A_CS_GN,384346,2
4332,BC_4332,TR_2A_CS_GN,390446,-33
2536,BC_2536,TR_2A_CS_GN,392716,-23
2537,BC_2537,TR_2A_CS_GN,393096,24
2539,BC_2539,TR_2A_CS_GN,394516,0
4333,BC_4333,TR_2A_CS_GN,396006,-36
4334,BC_4334,TR_2A_CS_GN,398006,19
4335,BC_4335,TR_2A_CS_GN,400006,-75
2541,BC_2541,TR_2A_CS_GN,401496,-25
2542,BC_2542,TR_2A_CS_GN,402916,-64
2543,BC_2543,TR_2A_CS_GN,403296,-90
4337,BC_4337,TR_2A_CS_GN,405566,-86
4711,BC_4711,TR_2A_CS_GN,411666,-141
5413,BC_5413,TR_2A_CS_GN,423000,-100
1410,BC_1410,TR_2A_CS_GN,431400,-167
1411,BC_1411,TR_2A_CS_GN,433500,20
5415,BC_5415,TR_2A_CS_GN,440938,26
4713,BC_4713,TR_2A_CS_GN,452364,-2
4338,BC_4338,TR_2A_CS_GN,457864,49
2544,BC_2544,TR_2A_CS_GN,460374,35
2545,BC_2545,TR_2A_CS_GN,460664,32
2546,BC_2546,TR_2A_CS_GN,461054,69
2547,BC_2547,TR_2A_CS_GN,462184,76
4339,BC_4339,TR_2A_CS_GN,463574,31
4340,BC_4340,TR_2A_CS_GN,465774,42
2548,BC_2548,TR_2A_CS_GN,469154,5
2549,BC_2549,TR_2A_CS_GN,470894,-27
2551,BC_2551,TR_2A_CS_GN,471284,10
4341,BC_4341,TR_2A_CS_GN,474614,-41
4714,BC_4714,TR_2A_CS_GN,479024,-19
5416,BC_5416,TR_2A_CS_GN,485984,-36
1412,BC_1412,TR_2A_CS_GN,494484,-52
1413,BC_1413,TR_2A_CS_GN,496584,-84
5417,BC_5417,TR_2A_CS_GN,505184,-51
5418,BC_5418,TR_2A_CS_GN,513684,-135
5419,BC_5419,TR_2A_CS_GN,522184,-216
5420,BC_5420,TR_2A_CS_GN,530684,-226
5421,BC_5421,TR_2A_CS_GN,539184,-169
5423,BC_5423,TR_2A_CS_GN,547684,37
5424,BC_5424,TR_2A_CS_GN,549400,-1
5425,BC_5425,TR_2A_CS_GN,563684,111
5426,BC_5426,TR_2A_CS_GN,579684,1
4715,BC_4715,TR_2A_CS_GN,587521,-149
4343,BC_4343,TR_2A_CS_GN,593021,39
2552,BC_2552,TR_2A_CS_GN,595531,25
2553,BC_2553,TR_2A_CS_GN,595821,18
2554,BC_2554,TR_2A_CS_GN,596211,55
2555,BC_2555,TR_2A_CS_GN,597341,-8
4344,BC_4344,TR_2A_CS_GN,598731,29
4345,BC_4345,TR_2A_CS_GN,600931,44
2556,BC_2556,TR_2A_CS_GN,604311,18
2557,BC_2557,TR_2A_CS_GN,606051,-7
2558,BC_2558,TR_2A_CS_GN,606441,35
4346,BC_4346,TR_2A_CS_GN,609771,-18
4716,BC_4716,TR_2A_CS_GN,614181,-42
5427,BC_5427,TR_2A_CS_GN,625000,-14
5429,BC_5429,TR_2A_CS_GN,633000,-40
1414,BC_1414,TR_2A_CS_GN,641600,0
1415,BC_1415,TR_2A_CS_GN,643700,-22
5430,BC_5430,TR_2A_CS_GN,652300,18
5431,BC_5431,TR_2A_CS_GN,662300,16
4717,BC_4717,TR_2A_CS_GN,672949,14
4348,BC_4348,TR_2A_CS_GN,679239,-32
2559,BC_2559,TR_2A_CS_GN,681509,-9
2560,BC_2560,TR_2A_CS_GN,681889,-4
2561,BC_2561,TR_2A_CS_GN,683309,9
4349,BC_4349,TR_2A_CS_GN,684799,10
4350,BC_4350,TR_2A_CS_GN,686799,-2
4351,BC_4351,TR_2A_CS_GN,688799,7
2565,BC_2565,TR_2A_CS_GN,690289,6
2567,BC_2567,TR_2A_CS_GN,691709,11
2569,BC_2569,TR_2A_CS_GN,692089,-8
4352,BC_4352,TR_2A_CS_GN,694359,12
4718,BC_4718,TR_2A_CS_GN,701959,50
1416,BC_1416,TR_2A_CS_GN,718075,5
1417,BC_1417,TR_2A_CS_GN,720175,-25
4719,BC_4719,TR_2A_CS_GN,735971,32
4353,BC_4353,TR_2A_CS_GN,743071,73
2570,BC_2570,TR_2A_CS_GN,745341,14
2571,BC_2571,TR_2A_CS_GN,745721,62
2572,BC_2572,TR_2A_CS_GN,747141,69
4354,BC_4354,TR_2A_CS_GN,748631,13
4356,BC_4356,TR_2A_CS_GN,750631,13
4358,BC_4358,TR_2A_CS_GN,752631,12
2575,BC_2575,TR_2A_CS_GN,754121,15
2576,BC_2576,TR_2A_CS_GN,755541,17
2577,BC_2577,TR_2A_CS_GN,755921,-9
4359,BC_4359,TR_2A_CS_GN,758191,8
4720,BC_4720,TR_2A_CS_GN,764368,2
1419,BC_1419,TR_2A_CS_GN,778406,58
1420,BC_1420,TR_2A_CS_GN,780506,34
5434,BC_5434,TR_2A_CS_GN,794206,-11
5436,BC_5436,TR_2A_CS_GN,809000,-5
5438,BC_5438,TR_2A_CS_GN,816000,841
4722,BC_4722,TR_2A_CS_GN,826599,-5421
4360,BC_4360,TR_2A_CS_GN,831009,38
2578,BC_2578,TR_2A_CS_GN,834339,80
2579,BC_2579,TR_2A_CS_GN,834729,42
2580,BC_2580,TR_2A_CS_GN,836469,4
4362,BC_4362,TR_2A_CS_GN,839849,34
4364,BC_4364,TR_2A_CS_GN,842049,34
2581,BC_2581,TR_2A_CS_GN,843439,61
2582,BC_2582,TR_2A_CS_GN,844569,-5
2583,BC_2583,TR_2A_CS_GN,844959,27
2584,BC_2584,TR_2A_CS_GN,845249,18
4365,BC_4365,TR_2A_CS_GN,847759,-6
4724,BC_4724,TR_2A_CS_GN,853259,17
5629,BC_5629,TR_2A_CS_GN,860000,-4
1421,BC_1421,TR_2A_CS_GN,866088,-9
1422,BC_1422,TR_2A_CS_GN,868188,14
5439,BC_5439,TR_2A_CS_GN,876588,40
4725,BC_4725,TR_2A_CS_GN,884672,50
4366,BC_4366,TR_2A_CS_GN,891772,-5
2585,BC_2585,TR_2A_CS_GN,894042,9
2586,BC_2586,TR_2A_CS_GN,894422,-14
2588,BC_2588,TR_2A_CS_GN,895842,-6
4367,BC_4367,TR_2A_CS_GN,897332,3
4369,BC_4369,TR_2A_CS_GN,899332,-2
4370,BC_4370,TR_2A_CS_GN,901332,-6
2589,BC_2589,TR_2A_CS_GN,902822,1
2590,BC_2590,TR_2A_CS_GN,904242,9
2591,BC_2591,TR_2A_CS_GN,904622,-16
4371,BC_4371,TR_2A_CS_GN,906892,-4
4726,BC_4726,TR_2A_CS_GN,912300,10
5440,BC_5440,TR_2A_CS_GN,920900,-18
1423,BC_1423,TR_2A_CS_GN,929400,-15
1424,BC_1424,TR_2A_CS_GN,931500,-46
5441,BC_5441,TR_2A_CS_GN,939800,-271
5442,BC_5442,TR_2A_CS_GN,956000,-338
5443,BC_5443,TR_2A_CS_GN,968000,-340
5444,BC_5444,TR_2A_CS_GN,980000,-277
4727,BC_4727,TR_2A_CS_GN,993600,-313
4373,BC_4373,TR_2A_CS_GN,1000700,23
2592,BC_2592,TR_2A_CS_GN,1002970,34
2593,BC_2593,TR_2A_CS_GN,1003350,10
2595,BC_2595,TR_2A_CS_GN,1004770,15
4374,BC_4374,TR_2A_CS_GN,1006260,18
4375,BC_4375,TR_2A_CS_GN,1008260,17
4376,BC_4376,TR_2A_CS_GN,1010260,11
2596,BC_2596,TR_2A_CS_GN,1011750,17
2597,BC_2597,TR_2A_CS_GN,1013170,17
2598,BC_2598,TR_2A_CS_GN,1013550,-7
4377,BC_4377,TR_2A_CS_GN,1015820,0
4728,BC_4728,TR_2A_CS_GN,1022000,-25
5445,BC_5445,TR_2A_CS_GN,1038235,-47
1425,BC_1425,TR_2A_CS_GN,1054235,25
1427,BC_1427,TR_2A_CS_GN,1056335,-27
5446,BC_5446,TR_2A_CS_GN,1072335,44
5447,BC_5447,TR_2A_CS_GN,1088335,18
5448,BC_5448,TR_2A_CS_GN,1104335,65
4730,BC_4730,TR_2A_CS_GN,1116221,28
4378,BC_4378,TR_2A_CS_GN,1122321,55
2599,BC_2599,TR_2A_CS_GN,1124591,-10
2600,BC_2600,TR_2A_CS_GN,1124971,36
2601,BC_2601,TR_2A_CS_GN,1126391,43
4379,BC_4379,TR_2A_CS_GN,1127881,-22
4380,BC_4380,TR_2A_CS_GN,1129881,45
4381,BC_4381,TR_2A_CS_GN,1131881,46
2602,BC_2602,TR_2A_CS_GN,1133371,-16
2604,BC_2604,TR_2A_CS_GN,1134791,-12
2605,BC_2605,TR_2A_CS_GN,1135171,36
4382,BC_4382,TR_2A_CS_GN,1137441,-23
4731,BC_4731,TR_2A_CS_GN,1143600,17
1428,BC_1428,TR_2A_CS_GN,1159856,-19
1429,BC_1429,TR_2A_CS_GN,1161956,36
5449,BC_5449,TR_2A_CS_GN,1177956,49
5450,BC_5450,TR_2A_CS_GN,1194005,4
5452,BC_5452,TR_2A_CS_GN,1209956,-9
4732,BC_4732,TR_2A_CS_GN,1218231,1241
4383,BC_4383,TR_2A_CS_GN,1224331,84
2607,BC_2607,TR_2A_CS_GN,1226601,90
2608,BC_2608,TR_2A_CS_GN,1226981,69
2609,BC_2609,TR_2A_CS_GN,1228401,71
4384,BC_4384,TR_2A_CS_GN,1229891,77
4385,BC_4385,TR_2A_CS_GN,1231891,80
4386,BC_4386,TR_2A_CS_GN,1233891,78
2610,BC_2610,TR_2A_CS_GN,1235381,92
2611,BC_2611,TR_2A_CS_GN,1236801,100
2612,BC_2612,TR_2A_CS_GN,1237181,78
1430,BC_1430,TR_2A_CS_GN,1242000,124
1431,BC_1431,TR_2A_CS_GN,1244100,18
6902,BC_6902,TR_2A_CS_GN,1246500,-22
4871,BC_4871,TR_2A_CS_GN,1254600,-26
4387,BC_4387,TR_2A_CS_GN,1255703,7
2613,BC_2613,TR_2A_CS_GN,1259083,32
2614,BC_2614,TR_2A_CS_GN,1260823,72
2615,BC_2615,TR_2A_CS_GN,1262283,61
2616,BC_2616,TR_2A_CS_GN,1264023,59
2617,BC_2617,TR_2A_CS_GN,1265483,-2
2618,BC_2618,TR_2A_CS_GN,1267223,60
2619,BC_2619,TR_2A_CS_GN,1268683,29
2620,BC_2620,TR_2A_CS_GN,1270423,11
2621,BC_2621,TR_2A_CS_GN,1272808,15
2622,BC_2622,TR_2A_CS_GN,1275419,-853
2623,BC_2623,TR_1A_CS_GN,12258,34
2624,BC_2624,TR_1A_CS_GN,13998,4
4388,BC_4388,TR_1A_CS_GN,17378,-22
4389,BC_4389,TR_1A_CS_GN,19578,-111
2625,BC_2625,TR_1A_CS_GN,20968,-104
2626,BC_2626,TR_1A_CS_GN,22098,-102
2627,BC_2627,TR_1A_CS_GN,22488,-93
2628,BC_2628,TR_1A_CS_GN,22778,-118
4390,BC_4390,TR_1A_CS_GN,25000,-100
4734,BC_4734,TR_1A_CS_GN,31549,212
4392,BC_4392,TR_1A_CS_GN,36300,41
5453,BC_5453,TR_1A_CS_GN,52300,-73
1432,BC_1432,TR_1A_CS_GN,68300,6
1433,BC_1433,TR_1A_CS_GN,70400,-39
4735,BC_4735,TR_1A_CS_GN,79570,-20
4393,BC_4393,TR_1A_CS_GN,85749,-35
2629,BC_2629,TR_1A_CS_GN,88019,-34
2630,BC_2630,TR_1A_CS_GN,88399,-59
2632,BC_2632,TR_1A_CS_GN,89819,-50
4394,BC_4394,TR_1A_CS_GN,91309,-44
4396,BC_4396,TR_1A_CS_GN,93309,-47
4397,BC_4397,TR_1A_CS_GN,95309,-52
2634,BC_2634,TR_1A_CS_GN,96799,-48
2635,BC_2635,TR_1A_CS_GN,98219,-114
2637,BC_2637,TR_1A_CS_GN,98599,-94
4398,BC_4398,TR_1A_CS_GN,100869,-101
4736,BC_4736,TR_1A_CS_GN,106969,-80
1434,BC_1434,TR_1A_CS_GN,122253,18
1435,BC_1435,TR_1A_CS_GN,124353,52
4739,BC_4739,TR_1A_CS_GN,136814,33
4399,BC_4399,TR_1A_CS_GN,142914,-11
2638,BC_2638,TR_1A_CS_GN,145184,-11
2639,BC_2639,TR_1A_CS_GN,145564,35
2640,BC_2640,TR_1A_CS_GN,146984,34
4400,BC_4400,TR_1A_CS_GN,148474,-33
4401,BC_4401,TR_1A_CS_GN,150474,-38
4402,BC_4402,TR_1A_CS_GN,152474,31
2641,BC_2641,TR_1A_CS_GN,153964,34
2642,BC_2642,TR_1A_CS_GN,155384,36
2643,BC_2643,TR_1A_CS_GN,155764,12
4403,BC_4403,TR_1A_CS_GN,158034,-1
4740,BC_4740,TR_1A_CS_GN,165134,-44
5454,BC_5454,TR_1A_CS_GN,181200,63
5456,BC_5456,TR_1A_CS_GN,197400,-29
1436,BC_1436,TR_1A_CS_GN,199300,-16
1437,BC_1437,TR_1A_CS_GN,201400,18
4741,BC_4741,TR_1A_CS_GN,205239,16
4404,BC_4404,TR_1A_CS_GN,211339,10
2644,BC_2644,TR_1A_CS_GN,213609,18
2645,BC_2645,TR_1A_CS_GN,213989,-7
2646,BC_2646,TR_1A_CS_GN,215409,-2
4405,BC_4405,TR_1A_CS_GN,216899,7
4408,BC_4408,TR_1A_CS_GN,218899,5
4409,BC_4409,TR_1A_CS_GN,220899,1
2647,BC_2647,TR_1A_CS_GN,222389,13
2648,BC_2648,TR_1A_CS_GN,223809,19
2649,BC_2649,TR_1A_CS_GN,224189,-5
4410,BC_4410,TR_1A_CS_GN,226530,4
4742,BC_4742,TR_1A_CS_GN,232559,-31
5457,BC_5457,TR_1A_CS_GN,240524,-51
5458,BC_5458,TR_1A_CS_GN,248924,24
1438,BC_1438,TR_1A_CS_GN,257324,-27
1439,BC_1439,TR_1A_CS_GN,259424,13
5459,BC_5459,TR_1A_CS_GN,267824,-37
5460,BC_5460,TR_1A_CS_GN,277780,66
4743,BC_4743,TR_1A_CS_GN,290015,27
4411,BC_4411,TR_1A_CS_GN,295954,-5
2650,BC_2650,TR_1A_CS_GN,298224,5
2652,BC_2652,TR_1A_CS_GN,298604,-19
2653,BC_2653,TR_1A_CS_GN,300024,-13
4412,BC_4412,TR_1A_CS_GN,301514,-8
4413,BC_4413,TR_1A_CS_GN,303514,-13
4414,BC_4414,TR_1A_CS_GN,305514,53
2654,BC_2654,TR_1A_CS_GN,307004,-13
2655,BC_2655,TR_1A_CS_GN,308424,-13
2656,BC_2656,TR_1A_CS_GN,308804,-37
4415,BC_4415,TR_1A_CS_GN,311074,-28
2657,BC_2657,TR_1A_CS_GN,314402,-13
2658,BC_2658,TR_1A_CS_GN,315232,-58
2659,BC_2659,TR_1A_CS_GN,316282,-40
4416,BC_4416,TR_1A_CS_GN,319131,-35
4417,BC_4417,TR_1A_CS_GN,323102,-82
2661,BC_2661,TR_1A_CS_GN,325457,-82
4418,BC_4418,TR_1A_CS_GN,328283,-57
1440,BC_1440,TR_1A_CS_GN,332932,-65
1441,BC_1441,TR_1A_CS_GN,335032,-98
5461,BC_5461,TR_1A_CS_GN,351032,102
5462,BC_5462,TR_1A_CS_GN,367032,67
4744,BC_4744,TR_1A_CS_GN,378000,15
4745,BC_4745,TR_1A_CS_GN,384359,2
4420,BC_4420,TR_1A_CS_GN,390459,-22
2663,BC_2663,TR_1A_CS_GN,392729,-14
2664,BC_2664,TR_1A_CS_GN,393109,-46
2665,BC_2665,TR_1A_CS_GN,394529,-46
4421,BC_4421,TR_1A_CS_GN,396019,-63
4422,BC_4422,TR_1A_CS_GN,398019,-18
4423,BC_4423,TR_1A_CS_GN,400019,-43
2667,BC_2667,TR_1A_CS_GN,401509,-60
2668,BC_2668,TR_1A_CS_GN,402929,-80
2669,BC_2669,TR_1A_CS_GN,403309,-107
4424,BC_4424,TR_1A_CS_GN,405579,-72
4747,BC_4747,TR_1A_CS_GN,411679,-88
5463,BC_5463,TR_1A_CS_GN,424400,33
1442,BC_1442,TR_1A_CS_GN,432400,15
1444,BC_1444,TR_1A_CS_GN,434500,-21
5464,BC_5464,TR_1A_CS_GN,441329,3
4748,BC_4748,TR_1A_CS_GN,450500,-14
4425,BC_4425,TR_1A_CS_GN,458092,-13
2670,BC_2670,TR_1A_CS_GN,460602,-19
2671,BC_2671,TR_1A_CS_GN,460892,-25
2672,BC_2672,TR_1A_CS_GN,461282,15
2673,BC_2673,TR_1A_CS_GN,462412,31
4426,BC_4426,TR_1A_CS_GN,463802,-1
4427,BC_4427,TR_1A_CS_GN,466002,18
2674,BC_2674,TR_1A_CS_GN,469382,-6
2675,BC_2675,TR_1A_CS_GN,471122,-34
2676,BC_2676,TR_1A_CS_GN,471512,4
4428,BC_4428,TR_1A_CS_GN,474842,-8
4749,BC_4749,TR_1A_CS_GN,479252,14
5465,BC_5465,TR_1A_CS_GN,484436,-51
1445,BC_1445,TR_1A_CS_GN,492936,-41
1447,BC_1447,TR_1A_CS_GN,495036,-74
5466,BC_5466,TR_1A_CS_GN,503536,-77
5467,BC_5467,TR_1A_CS_GN,519536,54
5468,BC_5468,TR_1A_CS_GN,530400,60
1448,BC_1448,TR_1A_CS_GN,538900,-17
1449,BC_1449,TR_1A_CS_GN,541000,39
5469,BC_5469,TR_1A_CS_GN,549500,-31
5470,BC_5470,TR_1A_CS_GN,555937,-31
5472,BC_5472,TR_1A_CS_GN,571937,27
4750,BC_4750,TR_1A_CS_GN,587500,-952
4429,BC_4429,TR_1A_CS_GN,593897,33
2677,BC_2677,TR_1A_CS_GN,596407,23
2679,BC_2679,TR_1A_CS_GN,596697,18
2680,BC_2680,TR_1A_CS_GN,597087,-12
2682,BC_2682,TR_1A_CS_GN,598217,-4
4430,BC_4430,TR_1A_CS_GN,599607,-37
4433,BC_4433,TR_1A_CS_GN,601807,-20
2683,BC_2683,TR_1A_CS_GN,605187,-41
2684,BC_2684,TR_1A_CS_GN,606927,3
2685,BC_2685,TR_1A_CS_GN,607317,-27
4434,BC_4434,TR_1A_CS_GN,610647,-5
4751,BC_4751,TR_1A_CS_GN,615057,-3
5473,BC_5473,TR_1A_CS_GN,627000,-2
5474,BC_5474,TR_1A_CS_GN,635000,-12
1451,BC_1451,TR_1A_CS_GN,643600,22
1453,BC_1453,TR_1A_CS_GN,645700,-5
5475,BC_5475,TR_1A_CS_GN,654300,-40
5476,BC_5476,TR_1A_CS_GN,664300,-42
4752,BC_4752,TR_1A_CS_GN,674280,-34
4435,BC_4435,TR_1A_CS_GN,680380,5
2686,BC_2686,TR_1A_CS_GN,682650,13
2687,BC_2687,TR_1A_CS_GN,683030,8
2688,BC_2688,TR_1A_CS_GN,684450,6
4436,BC_4436,TR_1A_CS_GN,685940,9
4438,BC_4438,TR_1A_CS_GN,687940,19
4439,BC_4439,TR_1A_CS_GN,689940,-25
2689,BC_2689,TR_1A_CS_GN,691430,-23
2690,BC_2690,TR_1A_CS_GN,692850,-53
2692,BC_2692,TR_1A_CS_GN,693230,-6
4440,BC_4440,TR_1A_CS_GN,695500,0
4753,BC_4753,TR_1A_CS_GN,702600,-8
1455,BC_1455,TR_1A_CS_GN,718700,-25
1456,BC_1456,TR_1A_CS_GN,720800,-58
4754,BC_4754,TR_1A_CS_GN,737059,-14
4441,BC_4441,TR_1A_CS_GN,744159,11
2693,BC_2693,TR_1A_CS_GN,746429,31
2694,BC_2694,TR_1A_CS_GN,746809,7
2695,BC_2695,TR_1A_CS_GN,748229,15
4442,BC_4442,TR_1A_CS_GN,749719,27
4443,BC_4443,TR_1A_CS_GN,751719,25
4444,BC_4444,TR_1A_CS_GN,753719,20
2696,BC_2696,TR_1A_CS_GN,755209,23
2697,BC_2697,TR_1A_CS_GN,756629,25
2698,BC_2698,TR_1A_CS_GN,757009,-1
4446,BC_4446,TR_1A_CS_GN,759279,12
4755,BC_4755,TR_1A_CS_GN,765379,-30
1457,BC_1457,TR_1A_CS_GN,781379,38
1458,BC_1458,TR_1A_CS_GN,783479,6
5477,BC_5477,TR_1A_CS_GN,791979,37
5478,BC_5478,TR_1A_CS_GN,803979,-27
5479,BC_5479,TR_1A_CS_GN,818979,-15
4756,BC_4756,TR_1A_CS_GN,827380,422
4447,BC_4447,TR_1A_CS_GN,831790,407
2699,BC_2699,TR_1A_CS_GN,835120,366
2701,BC_2701,TR_1A_CS_GN,835510,387
2702,BC_2702,TR_1A_CS_GN,837250,358
4448,BC_4448,TR_1A_CS_GN,840630,395
4450,BC_4450,TR_1A_CS_GN,842830,106
2703,BC_2703,TR_1A_CS_GN,844220,-49
2704,BC_2704,TR_1A_CS_GN,845350,-16
2705,BC_2705,TR_1A_CS_GN,845740,-67
2706,BC_2706,TR_1A_CS_GN,846030,-17
4451,BC_4451,TR_1A_CS_GN,848540,-67
4758,BC_4758,TR_1A_CS_GN,854040,-86
5480,BC_5480,TR_1A_CS_GN,866780,-202
1459,BC_1459,TR_1A_CS_GN,875380,-123
1460,BC_1460,TR_1A_CS_GN,877480,83
4759,BC_4759,TR_1A_CS_GN,886780,19
4452,BC_4452,TR_1A_CS_GN,892880,33
2707,BC_2707,TR_1A_CS_GN,895150,-20
2708,BC_2708,TR_1A_CS_GN,895530,25
2709,BC_2709,TR_1A_CS_GN,896950,28
4453,BC_4453,TR_1A_CS_GN,898440,31
4454,BC_4454,TR_1A_CS_GN,900440,29
4455,BC_4455,TR_1A_CS_GN,902440,30
2710,BC_2710,TR_1A_CS_GN,903930,37
2712,BC_2712,TR_1A_CS_GN,905350,-29
2713,BC_2713,TR_1A_CS_GN,905730,18
4456,BC_4456,TR_1A_CS_GN,908000,25
4760,BC_4760,TR_1A_CS_GN,913400,-20
5481,BC_5481,TR_1A_CS_GN,929600,-6
1461,BC_1461,TR_1A_CS_GN,945800,-73
1462,BC_1462,TR_1A_CS_GN,947900,-29
5482,BC_5482,TR_1A_CS_GN,964000,4
4761,BC_4761,TR_1A_CS_GN,980200,13
4762,BC_4762,TR_1A_CS_GN,995692,12
4457,BC_4457,TR_1A_CS_GN,1001792,-19
2714,BC_2714,TR_1A_CS_GN,1004062,-4
2715,BC_2715,TR_1A_CS_GN,1004442,42
2716,BC_2716,TR_1A_CS_GN,1005862,-24
4458,BC_4458,TR_1A_CS_GN,1007352,-17
4459,BC_4459,TR_1A_CS_GN,1009352,-16
4461,BC_4461,TR_1A_CS_GN,1011352,-20
2717,BC_2717,TR_1A_CS_GN,1012842,-15
2718,BC_2718,TR_1A_CS_GN,1014262,-5
2719,BC_2719,TR_1A_CS_GN,1014642,43
4463,BC_4463,TR_1A_CS_GN,1016912,-18
4763,BC_4763,TR_1A_CS_GN,1023012,-57
5483,BC_5483,TR_1A_CS_GN,1039012,-5
1464,BC_1464,TR_1A_CS_GN,1055012,-63
1465,BC_1465,TR_1A_CS_GN,1057112,-85
5484,BC_5484,TR_1A_CS_GN,1073112,144
5485,BC_5485,TR_1A_CS_GN,1089112,52
5486,BC_5486,TR_1A_CS_GN,1105112,-3
4764,BC_4764,TR_1A_CS_GN,1117816,32
4464,BC_4464,TR_1A_CS_GN,1123916,33
2720,BC_2720,TR_1A_CS_GN,1126186,-29
2721,BC_2721,TR_1A_CS_GN,1126566,-55
2722,BC_2722,TR_1A_CS_GN,1127986,-49
4465,BC_4465,TR_1A_CS_GN,1129476,-39
4466,BC_4466,TR_1A_CS_GN,1131476,-48
4468,BC_4468,TR_1A_CS_GN,1133476,20
2723,BC_2723,TR_1A_CS_GN,1134966,28
2724,BC_2724,TR_1A_CS_GN,1136386,34
2725,BC_2725,TR_1A_CS_GN,1136766,10
4469,BC_4469,TR_1A_CS_GN,1139036,25
4765,BC_4765,TR_1A_CS_GN,1145136,-10
5487,BC_5487,TR_1A_CS_GN,1161136,-17
1466,BC_1466,TR_1A_CS_GN,1177136,-52
1467,BC_1467,TR_1A_CS_GN,1179236,64
5488,BC_5488,TR_1A_CS_GN,1195291,11
4766,BC_4766,TR_1A_CS_GN,1205000,2
4767,BC_4767,TR_1A_CS_GN,1219649,145
4470,BC_4470,TR_1A_CS_GN,1225749,95
2726,BC_2726,TR_1A_CS_GN,1228019,134
2727,BC_2727,TR_1A_CS_GN,1228399,108
2728,BC_2728,TR_1A_CS_GN,1229819,115
4471,BC_4471,TR_1A_CS_GN,1231309,122
4472,BC_4472,TR_1A_CS_GN,1233309,120
4473,BC_4473,TR_1A_CS_GN,1235309,117
2729,BC_2729,TR_1A_CS_GN,1236799,128
2730,BC_2730,TR_1A_CS_GN,1238219,133
2731,BC_2731,TR_1A_CS_GN,1238599,108
4474,BC_4474,TR_1A_CS_GN,1240869,127
4768,BC_4768,TR_1A_CS_GN,1242800,-1089
1468,BC_1468,TR_1A_CS_GN,1244000,-14
1469,BC_1469,TR_1A_CS_GN,1246100,17
4475,BC_4475,TR_1A_CS_GN,1248070,-25
4769,BC_4769,TR_1A_CS_GN,1256000,-88
4477,BC_4477,TR_1A_CS_GN,1257021,-53
2732,BC_2732,TR_1A_CS_GN,1260401,14
2733,BC_2733,TR_1A_CS_GN,1262141,-6
2734,BC_2734,TR_1A_CS_GN,1263601,-39
2735,BC_2735,TR_1A_CS_GN,1265341,-9
2736,BC_2736,TR_1A_CS_GN,1266801,-17
2737,BC_2737,TR_1A_CS_GN,1268541,-10
2738,BC_2738,TR_1A_CS_GN,1270001,31
2739,BC_2739,TR_1A_CS_GN,1271741,12
2741,BC_2741,TR_1A_CS_GN,1274216,-10
2742,BC_2742,TR_1A_CS_GN,1275956,-54
2743,BC_2743,TR_S_EOT_239_WPP,182186,46
2744,BC_2744,TR_S_EOT_239_WPP,183926,19
2745,BC_2745,TR_S_EOT_239_WPP,185420,24
2746,BC_2746,TR_S_EOT_239_WPP,187160,67
2747,BC_2747,TR_S_EOT_239_WPP,188595,58
2748,BC_2748,TR_S_EOT_239_WPP,190335,29
2749,BC_2749,TR_S_EOT_239_WPP,191770,18
2750,BC_2750,TR_S_EOT_239_WPP,193510,-8
4478,BC_4478,TR_S_EOT_239_WPP,196890,-1323
4770,BC_4770,TR_S_EOT_239_WPP,200800,-19
4479,BC_4479,TR_S_EOT_239_WPP,204800,199
6554,BC_6554,TR_S_EOT_309_SLW,448119,11
6555,BC_6555,TR_S_EOT_309_SLW,449859,-14
6556,BC_6556,TR_S_EOT_309_SLW,452940,-17
6557,BC_6557,TR_S_EOT_309_SLW,454680,33
6897,BC_6897,TR_S_EOT_309_SLW,457000,1642
4868,BC_4868,TR_S_EOT_309_SLW,459800,34
6901,BC_6901,TR_S_315_EOS_SLW,479997,508
6561,BC_6561,TR_S_315_EOS_SLW,483377,178
6562,BC_6562,TR_S_315_EOS_SLW,483797,88
6564,BC_6564,TR_S_315_EOS_SLW,485117,178
6565,BC_6565,TR_S_315_EOS_SLW,485537,88
6566,BC_6566,TR_S_315_EOS_SLW,486577,508
6567,BC_6567,TR_S_315_EOS_SLW,486997,508
6568,BC_6568,TR_S_315_EOS_SLW,488317,508
6571,BC_6571,TR_S_315_EOS_SLW,488737,508
6573,BC_6573,TR_S_315_EOS_SLW,489777,508
6575,BC_6575,TR_S_315_EOS_SLW,490197,508
6576,BC_6576,TR_S_315_EOS_SLW,491517,508
6578,BC_6578,TR_S_315_EOS_SLW,491937,508
6579,BC_6579,TR_S_315_EOS_SLW,492977,928
6581,BC_6581,TR_S_315_EOS_SLW,493397,838
6582,BC_6582,TR_S_315_EOS_SLW,494717,928
6583,BC_6583,TR_S_315_EOS_SLW,495137,838
6883,BC_6883,TR_S_343_LCM,500224,1057
4853,BC_4853,TR_S_343_LCM,505934,0
6884,BC_6884,TR_S_343_LCM,506200,600
6313,BC_6313,TR_S_343_LCM,511514,1057
6314,BC_6314,TR_S_343_LCM,512034,957
6315,BC_6315,TR_S_343_LCM,513254,1057
6316,BC_6316,TR_S_343_LCM,513774,957
6317,BC_6317,TR_S_343_LCM,514814,957
6318,BC_6318,TR_S_343_LCM,515134,1057
6319,BC_6319,TR_S_343_LCM,516554,957
6320,BC_6320,TR_S_343_LCM,516874,1057
6321,BC_6321,TR_S_343_LCM,518114,857
6322,BC_6322,TR_S_343_LCM,518434,957
6323,BC_6323,TR_S_343_LCM,519854,857
6324,BC_6324,TR_S_343_LCM,520174,957
6325,BC_6325,TR_S_343_LCM,521534,445473
6326,BC_6326,TR_S_343_LCM,521734,437
6327,BC_6327,TR_S_343_LCM,523274,0
6328,BC_6328,TR_S_343_LCM,523474,-883
6330,BC_6330,TR_S_343_LCM,534874,0
6331,BC_6331,TR_S_343_LCM,535044,-11133
6332,BC_6332,TR_S_343_LCM,536614,0
6333,BC_6333,TR_S_343_LCM,536784,-12453
6334,BC_6334,TR_S_343_LCM,538074,-4813
6335,BC_6335,TR_S_343_LCM,538494,-3493
6337,BC_6337,TR_S_343_LCM,539814,-3353
6339,BC_6339,TR_S_343_LCM,540234,-3353
6340,BC_6340,TR_S_343_LCM,541274,-3073
6341,BC_6341,TR_S_343_LCM,541694,-3073
6342,BC_6342,TR_S_343_LCM,543014,-3353
6343,BC_6343,TR_S_343_LCM,543434,-3353
6346,BC_6346,TR_S_343_LCM,544474,-3073
6348,BC_6348,TR_S_343_LCM,544894,-3073
6349,BC_6349,TR_S_343_LCM,546214,-3353
6350,BC_6350,TR_S_343_LCM,546634,-3353
6351,BC_6351,TR_S_343_LCM,548074,-3473
6352,BC_6352,TR_S_343_LCM,548494,-3473
6353,BC_6353,TR_S_343_LCM,549814,-3653
6354,BC_6354,TR_S_343_LCM,550234,-3653
6355,BC_6355,TR_S_343_LCM,551274,-3373
6356,BC_6356,TR_S_343_LCM,551694,-3373
6357,BC_6357,TR_S_343_LCM,553014,-3653
6358,BC_6358,TR_S_343_LCM,553434,-3653
6359,BC_6359,TR_S_343_LCM,554474,-3373
6360,BC_6360,TR_S_343_LCM,554894,-3373
6362,BC_6362,TR_S_343_LCM,556214,-3653
6363,BC_6363,TR_S_343_LCM,556634,-3653
6364,BC_6364,TR_S_343_LCM,557711,-3410
6365,BC_6365,TR_S_343_LCM,558094,-3373
6366,BC_6366,TR_S_343_LCM,559451,-3240
6367,BC_6367,TR_S_343_LCM,559834,-1883
4852,BC_4852,TR_S_313_EOT_LCM,483194,84
6882,BC_6882,TR_S_313_EOT_LCM,485394,84
6270,BC_6270,TR_S_313_EOT_LCM,488394,134
6271,BC_6271,TR_S_313_EOT_LCM,488774,84
6272,BC_6272,TR_S_313_EOT_LCM,490134,134
6274,BC_6274,TR_S_313_EOT_LCM,490514,84
6275,BC_6275,TR_S_313_EOT_LCM,491974,84
6276,BC_6276,TR_S_313_EOT_LCM,492394,84
6277,BC_6277,TR_S_313_EOT_LCM,493714,84
6278,BC_6278,TR_S_313_EOT_LCM,494134,84
6279,BC_6279,TR_S_313_EOT_LCM,495174,84
6280,BC_6280,TR_S_313_EOT_LCM,495594,84
6281,BC_6281,TR_S_313_EOT_LCM,496914,84
6282,BC_6282,TR_S_313_EOT_LCM,497334,84
6283,BC_6283,TR_S_313_EOT_LCM,498794,84
6284,BC_6284,TR_S_313_EOT_LCM,499174,34
6285,BC_6285,TR_S_313_EOT_LCM,500534,84
6286,BC_6286,TR_S_313_EOT_LCM,500914,34
6287,BC_6287,TR_S_313_EOT_LCM,510294,-221
6288,BC_6288,TR_S_313_EOT_LCM,510674,-271
6289,BC_6289,TR_S_313_EOT_LCM,512034,-221
6291,BC_6291,TR_S_313_EOT_LCM,512414,-271
6292,BC_6292,TR_S_313_EOT_LCM,513874,-271
6293,BC_6293,TR_S_313_EOT_LCM,514294,-271
6294,BC_6294,TR_S_313_EOT_LCM,515614,-271
6295,BC_6295,TR_S_313_EOT_LCM,516034,-271
6296,BC_6296,TR_S_313_EOT_LCM,517074,-271
6297,BC_6297,TR_S_313_EOT_LCM,517494,-271
6299,BC_6299,TR_S_313_EOT_LCM,518814,-271
6300,BC_6300,TR_S_313_EOT_LCM,519234,-271
6301,BC_6301,TR_S_313_EOT_LCM,520694,-271
6302,BC_6302,TR_S_313_EOT_LCM,521074,-321
6303,BC_6303,TR_S_313_EOT_LCM,522434,-271
6304,BC_6304,TR_S_313_EOT_LCM,522814,-321
6305,BC_6305,TR_S_313_EOT_LCM,533374,735
6306,BC_6306,TR_S_313_EOT_LCM,535114,-675
6307,BC_6307,TR_S_313_EOT_LCM,536574,-725
6308,BC_6308,TR_S_313_EOT_LCM,538314,-2135
6309,BC_6309,TR_S_313_EOT_LCM,539774,-2135
6310,BC_6310,TR_S_313_EOT_LCM,541514,-2135
6311,BC_6311,TR_S_313_EOT_LCM,544720,-3881
6312,BC_6312,TR_S_313_EOT_LCM,546460,-3881
4857,BC_4857,TR_S_375_LCM,524000,0
6889,BC_6889,TR_S_375_LCM,525234,-534
6405,BC_6405,TR_S_375_LCM,528614,-1277
6406,BC_6406,TR_S_375_LCM,528834,-1367
6407,BC_6407,TR_S_375_LCM,530354,-1277
6408,BC_6408,TR_S_375_LCM,530574,-1367
6409,BC_6409,TR_S_375_LCM,531814,-1147
6410,BC_6410,TR_S_375_LCM,532234,-1147
6411,BC_6411,TR_S_375_LCM,533554,-1147
6412,BC_6412,TR_S_375_LCM,533974,-1147
6413,BC_6413,TR_S_375_LCM,535014,-1147
6414,BC_6414,TR_S_375_LCM,535434,-1147
6415,BC_6415,TR_S_375_LCM,536754,-1147
6416,BC_6416,TR_S_375_LCM,537174,-1147
6417,BC_6417,TR_S_375_LCM,538114,-1047
6418,BC_6418,TR_S_375_LCM,538634,-1147
6419,BC_6419,TR_S_375_LCM,539854,-1047
6420,BC_6420,TR_S_375_LCM,540374,-1147
6421,BC_6421,TR_S_375_LCM,541614,-1247
6422,BC_6422,TR_S_375_LCM,542134,-1347
6423,BC_6423,TR_S_375_LCM,543354,-1247
6424,BC_6424,TR_S_375_LCM,543874,-1347
6425,BC_6425,TR_S_375_LCM,544814,-1247
6426,BC_6426,TR_S_375_LCM,545234,-1247
6427,BC_6427,TR_S_375_LCM,546554,-1247
6428,BC_6428,TR_S_375_LCM,546974,-1247
6429,BC_6429,TR_S_375_LCM,548014,-1247
6430,BC_6430,TR_S_375_LCM,548434,-1247
6431,BC_6431,TR_S_375_LCM,549754,-1247
6434,BC_6434,TR_S_375_LCM,550174,-1247
6436,BC_6436,TR_S_375_LCM,551114,-1147
6437,BC_6437,TR_S_375_LCM,551634,-1247
6439,BC_6439,TR_S_375_LCM,552854,-1147
6440,BC_6440,TR_S_375_LCM,553374,-1247
6442,BC_6442,TR_S_375_LCM,554614,-1347
6443,BC_6443,TR_S_375_LCM,555134,-1447
6444,BC_6444,TR_S_375_LCM,556354,-1347
6445,BC_6445,TR_S_375_LCM,556874,-1447
6446,BC_6446,TR_S_375_LCM,557814,-1347
6447,BC_6447,TR_S_375_LCM,558234,-1347
6449,BC_6449,TR_S_375_LCM,559554,-1347
6450,BC_6450,TR_S_375_LCM,559974,-1347
6451,BC_6451,TR_S_375_LCM,561014,-1347
6452,BC_6452,TR_S_375_LCM,561434,-1347
6453,BC_6453,TR_S_375_LCM,562754,-1347
6454,BC_6454,TR_S_375_LCM,563174,-1347
6455,BC_6455,TR_S_375_LCM,564371,-1084
6456,BC_6456,TR_S_375_LCM,564634,-1217
6457,BC_6457,TR_S_375_LCM,566111,-1084
6458,BC_6458,TR_S_375_LCM,566374,-1217
4858,BC_4858,TR_S_375_LCM,573800,-100
4483,BC_4483,TR_6C_MDW_MDW,577664,58
5489,BC_5489,TR_6C_MDW_MDW,581900,-13
4772,BC_4772,TR_6C_MDW_MDW,582300,24
4774,BC_4774,TR_6C_MDW_MDW,587578,-1169
4484,BC_4484,TR_6C_MDW_MDW,592000,35
2790,BC_2790,TR_6C_MDW_MDW,595588,18
2791,BC_2791,TR_6C_MDW_MDW,595878,11
2792,BC_2792,TR_6C_MDW_MDW,596268,-20
2793,BC_2793,TR_6C_MDW_MDW,597398,-3
4485,BC_4485,TR_6C_MDW_MDW,598788,29
4486,BC_4486,TR_6C_MDW_MDW,600988,-35
2794,BC_2794,TR_6C_MDW_MDW,604368,-55
2795,BC_2795,TR_6C_MDW_MDW,606108,0
2796,BC_2796,TR_6C_MDW_MDW,606428,-36
6755,BC_6755,TR_6D_MDW_DMZ,26800,30
4787,BC_4787,TR_6D_MDW_DMZ,30500,1707
5506,BC_5506,TR_6D_MDW_DMZ,34600,-28
5507,BC_5507,TR_6D_MDW_DMZ,43000,18
5508,BC_5508,TR_6D_MDW_DMZ,50000,-34
1474,BC_1474,TR_6D_MDW_DMZ,56300,-19
1475,BC_1475,TR_6D_MDW_DMZ,58400,6
5509,BC_5509,TR_6D_MDW_DMZ,67000,6
5510,BC_5510,TR_6D_MDW_DMZ,82957,4
5511,BC_5511,TR_6D_MDW_DMZ,99000,-42
5512,BC_5512,TR_6D_MDW_DMZ,115000,2
5513,BC_5513,TR_6D_MDW_DMZ,131000,-53
5514,BC_5514,TR_6D_MDW_DMZ,147000,-16
4788,BC_4788,TR_6D_MDW_DMZ,160812,-26
6756,BC_6756,TR_6D_MDW_DMZ,166912,22
2825,BC_2825,TR_6D_MDW_DMZ,169182,-34
2826,BC_2826,TR_6D_MDW_DMZ,169562,14
2827,BC_2827,TR_6D_MDW_DMZ,170982,-49
6757,BC_6757,TR_6D_MDW_DMZ,172472,-42
6758,BC_6758,TR_6D_MDW_DMZ,174472,-44
6759,BC_6759,TR_6D_MDW_DMZ,176472,-44
2828,BC_2828,TR_6D_MDW_DMZ,177962,-31
2829,BC_2829,TR_6D_MDW_DMZ,179382,-26
2830,BC_2830,TR_6D_MDW_DMZ,179762,-46
6760,BC_6760,TR_6D_MDW_DMZ,182032,-29
4789,BC_4789,TR_6D_MDW_DMZ,189132,-3
5515,BC_5515,TR_6D_MDW_DMZ,205200,29
5516,BC_5516,TR_6D_MDW_DMZ,221300,-68
1476,BC_1476,TR_6D_MDW_DMZ,229341,-5236
1477,BC_1477,TR_6D_MDW_DMZ,231441,20
4790,BC_4790,TR_6D_MDW_DMZ,240248,29
6761,BC_6761,TR_6D_MDW_DMZ,246348,10
2831,BC_2831,TR_6D_MDW_DMZ,248618,2
2832,BC_2832,TR_6D_MDW_DMZ,248998,-20
2833,BC_2833,TR_6D_MDW_DMZ,250418,-3
6762,BC_6762,TR_6D_MDW_DMZ,251908,6
6763,BC_6763,TR_6D_MDW_DMZ,253908,13
6765,BC_6765,TR_6D_MDW_DMZ,255908,80
2834,BC_2834,TR_6D_MDW_DMZ,257398,90
2835,BC_2835,TR_6D_MDW_DMZ,258818,34
2836,BC_2836,TR_6D_MDW_DMZ,259198,80
6766,BC_6766,TR_6D_MDW_DMZ,261468,20
4791,BC_4791,TR_6D_MDW_DMZ,267568,5
1490,BC_1490,TR_6E_DMZ_GPP,722500,22
1491,BC_1491,TR_6E_DMZ_GPP,724600,32
5524,BC_5524,TR_6E_DMZ_GPP,733100,37
5525,BC_5525,TR_6E_DMZ_GPP,749300,55
5527,BC_5527,TR_6E_DMZ_GPP,765500,6
4801,BC_4801,TR_6E_DMZ_GPP,777263,31
6788,BC_6788,TR_6E_DMZ_GPP,781673,-21
2879,BC_2879,TR_6E_DMZ_GPP,785003,-1
2880,BC_2880,TR_6E_DMZ_GPP,785393,39
2881,BC_2881,TR_6E_DMZ_GPP,787133,12
6789,BC_6789,TR_6E_DMZ_GPP,790513,-11
6790,BC_6790,TR_6E_DMZ_GPP,792713,5
2882,BC_2882,TR_6E_DMZ_GPP,794103,-30
2883,BC_2883,TR_6E_DMZ_GPP,795233,-17
2884,BC_2884,TR_6E_DMZ_GPP,795623,20
2885,BC_2885,TR_6E_DMZ_GPP,795913,17
6791,BC_6791,TR_6E_DMZ_GPP,798423,6
4802,BC_4802,TR_6E_DMZ_GPP,803923,-61
5631,BC_5631,TR_6E_DMZ_GPP,819000,-92
5528,BC_5528,TR_6E_DMZ_GPP,822500,-21
5529,BC_5529,TR_6E_DMZ_GPP,827000,-29
1492,BC_1492,TR_6E_DMZ_GPP,831000,43
1493,BC_1493,TR_6E_DMZ_GPP,833100,12
4803,BC_4803,TR_6E_DMZ_GPP,840000,35
6793,BC_6793,TR_6E_DMZ_GPP,846974,19
2886,BC_2886,TR_6E_DMZ_GPP,849484,2
2887,BC_2887,TR_6E_DMZ_GPP,849774,-4
2888,BC_2888,TR_6E_DMZ_GPP,850164,-35
2889,BC_2889,TR_6E_DMZ_GPP,851294,-29
6794,BC_6794,TR_6E_DMZ_GPP,852684,4
6795,BC_6795,TR_6E_DMZ_GPP,854884,-2
2892,BC_2892,TR_6E_DMZ_GPP,858264,40
2893,BC_2893,TR_6E_DMZ_GPP,860004,8
2894,BC_2894,TR_6E_DMZ_GPP,860394,9
6796,BC_6796,TR_6E_DMZ_GPP,863724,21
4804,BC_4804,TR_6E_DMZ_GPP,868134,14
1494,BC_1494,TR_6E_DMZ_GPP,880590,-35
1495,BC_1495,TR_6E_DMZ_GPP,882690,-15
5530,BC_5530,TR_6E_DMZ_GPP,898790,-9
5531,BC_5531,TR_6E_DMZ_GPP,914790,-61
4805,BC_4805,TR_6E_DMZ_GPP,930404,27
6797,BC_6797,TR_6E_DMZ_GPP,936504,51
2895,BC_2895,TR_6E_DMZ_GPP,938774,-20
2896,BC_2896,TR_6E_DMZ_GPP,939154,-4
2897,BC_2897,TR_6E_DMZ_GPP,940574,-14
6798,BC_6798,TR_6E_DMZ_GPP,942064,-93
6799,BC_6799,TR_6E_DMZ_GPP,944064,22
6800,BC_6800,TR_6E_DMZ_GPP,945897,-4
2898,BC_2898,TR_6E_DMZ_GPP,947554,-22
2899,BC_2899,TR_6E_DMZ_GPP,948974,-34
2900,BC_2900,TR_6E_DMZ_GPP,949354,41
6801,BC_6801,TR_6E_DMZ_GPP,951624,-33
4806,BC_4806,TR_6E_DMZ_GPP,957724,-94
1496,BC_1496,TR_6E_DMZ_GPP,971017,40
1497,BC_1497,TR_6E_DMZ_GPP,973117,10
5532,BC_5532,TR_6E_DMZ_GPP,981117,11
5533,BC_5533,TR_6E_DMZ_GPP,994117,-14
4807,BC_4807,TR_6E_DMZ_GPP,1000779,-12
6802,BC_6802,TR_6E_DMZ_GPP,1006279,0
2901,BC_2901,TR_6E_DMZ_GPP,1008789,-5
2902,BC_2902,TR_6E_DMZ_GPP,1009079,-14
2903,BC_2903,TR_6E_DMZ_GPP,1009469,25
6584,BC_6584,TR_6E_DMZ_GPP,1010599,39
6804,BC_6804,TR_6E_DMZ_GPP,1011989,7
6805,BC_6805,TR_6E_DMZ_GPP,1014189,24
2904,BC_2904,TR_6E_DMZ_GPP,1017569,8
2907,BC_2907,TR_6E_DMZ_GPP,1019309,-14
6585,BC_6585,TR_6E_DMZ_GPP,1019699,26
6806,BC_6806,TR_6E_DMZ_GPP,1021300,67
1498,BC_1498,TR_6E_DMZ_GPP,1021800,69
1499,BC_1499,TR_6E_DMZ_GPP,1023900,39
4808,BC_4808,TR_6E_DMZ_GPP,1024549,-38
6807,BC_6807,TR_6E_DMZ_GPP,1033310,-11
6598,BC_6598,TR_6E_DMZ_GPP,1036110,-33
2908,BC_2908,TR_6E_DMZ_GPP,1036690,-5
6599,BC_6599,TR_6E_DMZ_GPP,1037850,-58
2909,BC_2909,TR_6E_DMZ_GPP,1038430,-6
2910,BC_2910,TR_6E_DMZ_GPP,1039890,34
2911,BC_2911,TR_6E_DMZ_GPP,1041630,29
2912,BC_2912,TR_6E_DMZ_GPP,1043090,-7
2913,BC_2913,TR_6E_DMZ_GPP,1044830,-7
2914,BC_2914,TR_6E_DMZ_GPP,1046290,33
2916,BC_2916,TR_6E_DMZ_GPP,1048030,114
6886,BC_6886,TR_S_373_LCM,522500,100
4855,BC_4855,TR_S_373_LCM,527254,546
6887,BC_6887,TR_S_373_LCM,529454,57
6368,BC_6368,TR_S_373_LCM,532454,107
6369,BC_6369,TR_S_373_LCM,532834,57
6370,BC_6370,TR_S_373_LCM,534194,107
6371,BC_6371,TR_S_373_LCM,534574,57
6372,BC_6372,TR_S_373_LCM,536034,57
6373,BC_6373,TR_S_373_LCM,536454,57
6374,BC_6374,TR_S_373_LCM,537774,57
6376,BC_6376,TR_S_373_LCM,538194,57
6377,BC_6377,TR_S_373_LCM,539234,57
6378,BC_6378,TR_S_373_LCM,539654,57
6380,BC_6380,TR_S_373_LCM,540974,57
6381,BC_6381,TR_S_373_LCM,541394,57
6382,BC_6382,TR_S_373_LCM,542534,-43
6384,BC_6384,TR_S_373_LCM,542854,57
6385,BC_6385,TR_S_373_LCM,544274,-43
6386,BC_6386,TR_S_373_LCM,544594,57
6387,BC_6387,TR_S_373_LCM,546554,-763
6389,BC_6389,TR_S_373_LCM,546934,-723
6390,BC_6390,TR_S_373_LCM,548294,-763
6391,BC_6391,TR_S_373_LCM,548674,-723
6392,BC_6392,TR_S_373_LCM,550134,-1143
6393,BC_6393,TR_S_373_LCM,550554,-1143
6394,BC_6394,TR_S_373_LCM,551874,-1143
6396,BC_6396,TR_S_373_LCM,552294,-1143
6397,BC_6397,TR_S_373_LCM,553334,-1143
6398,BC_6398,TR_S_373_LCM,553754,-1143
6399,BC_6399,TR_S_373_LCM,555074,-1143
6400,BC_6400,TR_S_373_LCM,555494,-1143
6401,BC_6401,TR_S_373_LCM,556954,-1143
6402,BC_6402,TR_S_373_LCM,557511,-1370
6403,BC_6403,TR_S_373_LCM,558694,-1143
6404,BC_6404,TR_S_373_LCM,559251,-1370
6888,BC_6888,TR_S_373_LCM,561500,-569
4856,BC_4856,TR_S_373_LCM,564500,0
4860,BC_4860,TR_S_347_LCM,511724,-224
6890,BC_6890,TR_S_347_LCM,515000,700
6891,BC_6891,TR_S_347_LCM,525134,-334
6459,BC_6459,TR_S_347_LCM,528514,-1177
6460,BC_6460,TR_S_347_LCM,528834,-1167
6461,BC_6461,TR_S_347_LCM,530254,-1177
6462,BC_6462,TR_S_347_LCM,530574,-1167
6463,BC_6463,TR_S_347_LCM,531714,-847
6464,BC_6464,TR_S_347_LCM,532134,-847
6465,BC_6465,TR_S_347_LCM,533454,-847
6466,BC_6466,TR_S_347_LCM,533874,-847
6467,BC_6467,TR_S_347_LCM,534914,-847
6468,BC_6468,TR_S_347_LCM,535334,-847
6470,BC_6470,TR_S_347_LCM,536654,-847
6471,BC_6471,TR_S_347_LCM,537074,-847
6472,BC_6472,TR_S_347_LCM,538114,-847
6474,BC_6474,TR_S_347_LCM,538534,-847
6475,BC_6475,TR_S_347_LCM,539854,-847
6476,BC_6476,TR_S_347_LCM,540274,-847
6477,BC_6477,TR_S_347_LCM,541614,-1047
6478,BC_6478,TR_S_347_LCM,542134,-1147
6479,BC_6479,TR_S_347_LCM,543354,-1047
6480,BC_6480,TR_S_347_LCM,543874,-1147
6481,BC_6481,TR_S_347_LCM,544814,-1047
6482,BC_6482,TR_S_347_LCM,545234,-1047
6483,BC_6483,TR_S_347_LCM,546554,-1047
6484,BC_6484,TR_S_347_LCM,546974,-1047
6485,BC_6485,TR_S_347_LCM,548014,-1047
6486,BC_6486,TR_S_347_LCM,548434,-1047
6487,BC_6487,TR_S_347_LCM,549754,-1047
6488,BC_6488,TR_S_347_LCM,550174,-1047
6489,BC_6489,TR_S_347_LCM,551214,-1047
6490,BC_6490,TR_S_347_LCM,551634,-1047
6492,BC_6492,TR_S_347_LCM,552954,-1047
6493,BC_6493,TR_S_347_LCM,553374,-1047
6494,BC_6494,TR_S_347_LCM,554614,-1147
6495,BC_6495,TR_S_347_LCM,555234,-1347
6496,BC_6496,TR_S_347_LCM,556354,-1147
6497,BC_6497,TR_S_347_LCM,556974,-1347
6498,BC_6498,TR_S_347_LCM,557814,-1147
6500,BC_6500,TR_S_347_LCM,558234,-1147
6501,BC_6501,TR_S_347_LCM,559554,-1147
6502,BC_6502,TR_S_347_LCM,559974,-1147
6503,BC_6503,TR_S_347_LCM,561014,-1147
6504,BC_6504,TR_S_347_LCM,561434,-1147
6505,BC_6505,TR_S_347_LCM,562754,-1147
6506,BC_6506,TR_S_347_LCM,563174,-1147
6507,BC_6507,TR_S_347_LCM,564371,-884
6508,BC_6508,TR_S_347_LCM,564634,-817
6509,BC_6509,TR_S_347_LCM,566111,-884
6511,BC_6511,TR_S_347_LCM,566374,-817
4863,BC_4863,TR_S_347_LCM,573800,-100
4487,BC_4487,TR_5C_MDW_MDW,577664,1
4776,BC_4776,TR_5C_MDW_MDW,583164,-50
4777,BC_4777,TR_5C_MDW_MDW,588496,-1190
4488,BC_4488,TR_5C_MDW_MDW,592700,24
2797,BC_2797,TR_5C_MDW_MDW,596506,-5
2800,BC_2800,TR_5C_MDW_MDW,596796,-10
2801,BC_2801,TR_5C_MDW_MDW,597186,25
2803,BC_2803,TR_5C_MDW_MDW,598316,32
4489,BC_4489,TR_5C_MDW_MDW,599706,-5
4491,BC_4491,TR_5C_MDW_MDW,601906,-4
2805,BC_2805,TR_5C_MDW_MDW,605286,-44
2806,BC_2806,TR_5C_MDW_MDW,607026,-72
2807,BC_2807,TR_5C_MDW_MDW,607416,-37
4778,BC_4778,TR_5D_MDW_DMZ,27500,-11
4780,BC_4780,TR_5D_MDW_DMZ,30200,-772
5490,BC_5490,TR_5D_MDW_DMZ,35600,17
5491,BC_5491,TR_5D_MDW_DMZ,44000,18
5492,BC_5492,TR_5D_MDW_DMZ,52600,13
5493,BC_5493,TR_5D_MDW_DMZ,61200,-10
1470,BC_1470,TR_5D_MDW_DMZ,69800,-14
1471,BC_1471,TR_5D_MDW_DMZ,71900,17
5494,BC_5494,TR_5D_MDW_DMZ,80500,8
5495,BC_5495,TR_5D_MDW_DMZ,96800,-43
5497,BC_5497,TR_5D_MDW_DMZ,113100,-43
5499,BC_5499,TR_5D_MDW_DMZ,129400,10
5500,BC_5500,TR_5D_MDW_DMZ,145700,77
4782,BC_4782,TR_5D_MDW_DMZ,161900,56
4492,BC_4492,TR_5D_MDW_DMZ,168694,51
2809,BC_2809,TR_5D_MDW_DMZ,170964,74
2810,BC_2810,TR_5D_MDW_DMZ,171344,49
2811,BC_2811,TR_5D_MDW_DMZ,172764,55
4494,BC_4494,TR_5D_MDW_DMZ,174254,62
4495,BC_4495,TR_5D_MDW_DMZ,176254,-9
4497,BC_4497,TR_5D_MDW_DMZ,178254,-13
2814,BC_2814,TR_5D_MDW_DMZ,179744,65
2815,BC_2815,TR_5D_MDW_DMZ,181164,2
2816,BC_2816,TR_5D_MDW_DMZ,181544,46
4498,BC_4498,TR_5D_MDW_DMZ,183814,-9
4783,BC_4783,TR_5D_MDW_DMZ,190500,7
5503,BC_5503,TR_5D_MDW_DMZ,206573,48
5504,BC_5504,TR_5D_MDW_DMZ,213000,44
5505,BC_5505,TR_5D_MDW_DMZ,228000,-50
1472,BC_1472,TR_5D_MDW_DMZ,231456,-2010
1473,BC_1473,TR_5D_MDW_DMZ,233556,-32
4784,BC_4784,TR_5D_MDW_DMZ,242096,-6
4499,BC_4499,TR_5D_MDW_DMZ,248196,-39
2817,BC_2817,TR_5D_MDW_DMZ,250466,-22
2818,BC_2818,TR_5D_MDW_DMZ,250846,-45
2819,BC_2819,TR_5D_MDW_DMZ,252266,-37
6750,BC_6750,TR_5D_MDW_DMZ,253756,-26
6751,BC_6751,TR_5D_MDW_DMZ,255756,-100
6752,BC_6752,TR_5D_MDW_DMZ,257756,-26
2820,BC_2820,TR_5D_MDW_DMZ,259246,-17
2821,BC_2821,TR_5D_MDW_DMZ,260666,-7
2822,BC_2822,TR_5D_MDW_DMZ,261046,-28
6753,BC_6753,TR_5D_MDW_DMZ,263316,-13
4785,BC_4785,TR_5D_MDW_DMZ,270858,2
1478,BC_1478,TR_5E_DMZ_GPP,725000,91
1479,BC_1479,TR_5E_DMZ_GPP,727100,66
5517,BC_5517,TR_5E_DMZ_GPP,735600,70
5518,BC_5518,TR_5E_DMZ_GPP,751600,6
5519,BC_5519,TR_5E_DMZ_GPP,767600,-24
4792,BC_4792,TR_5E_DMZ_GPP,776251,-41
6767,BC_6767,TR_5E_DMZ_GPP,780661,-31
2837,BC_2837,TR_5E_DMZ_GPP,783991,-2
2838,BC_2838,TR_5E_DMZ_GPP,784381,40
2839,BC_2839,TR_5E_DMZ_GPP,786121,12
6768,BC_6768,TR_5E_DMZ_GPP,789501,-12
6769,BC_6769,TR_5E_DMZ_GPP,791701,4
2840,BC_2840,TR_5E_DMZ_GPP,793091,-29
2841,BC_2841,TR_5E_DMZ_GPP,794221,-17
2843,BC_2843,TR_5E_DMZ_GPP,794611,-50
2844,BC_2844,TR_5E_DMZ_GPP,794901,-51
6770,BC_6770,TR_5E_DMZ_GPP,797411,-63
4793,BC_4793,TR_5E_DMZ_GPP,802911,-43
5630,BC_5630,TR_5E_DMZ_GPP,818000,6
5520,BC_5520,TR_5E_DMZ_GPP,821500,18
5521,BC_5521,TR_5E_DMZ_GPP,827000,-37
1480,BC_1480,TR_5E_DMZ_GPP,831000,34
1482,BC_1482,TR_5E_DMZ_GPP,833100,-3
4794,BC_4794,TR_5E_DMZ_GPP,840285,19
6771,BC_6771,TR_5E_DMZ_GPP,845857,-9
2845,BC_2845,TR_5E_DMZ_GPP,848367,51
2848,BC_2848,TR_5E_DMZ_GPP,848657,49
2849,BC_2849,TR_5E_DMZ_GPP,849047,14
2850,BC_2850,TR_5E_DMZ_GPP,850177,27
6772,BC_6772,TR_5E_DMZ_GPP,851567,-4
6773,BC_6773,TR_5E_DMZ_GPP,853767,-5
2851,BC_2851,TR_5E_DMZ_GPP,857147,49
2852,BC_2852,TR_5E_DMZ_GPP,858887,4
2854,BC_2854,TR_5E_DMZ_GPP,859277,1
6774,BC_6774,TR_5E_DMZ_GPP,862607,-54
4795,BC_4795,TR_5E_DMZ_GPP,867017,-1
1483,BC_1483,TR_5E_DMZ_GPP,879790,-46
1484,BC_1484,TR_5E_DMZ_GPP,881890,-18
5522,BC_5522,TR_5E_DMZ_GPP,897890,6
5523,BC_5523,TR_5E_DMZ_GPP,913890,39
4796,BC_4796,TR_5E_DMZ_GPP,929285,30
6775,BC_6775,TR_5E_DMZ_GPP,935385,-2
2855,BC_2855,TR_5E_DMZ_GPP,937655,-13
2856,BC_2856,TR_5E_DMZ_GPP,938035,-14
2857,BC_2857,TR_5E_DMZ_GPP,939455,-16
6776,BC_6776,TR_5E_DMZ_GPP,940945,-26
6778,BC_6778,TR_5E_DMZ_GPP,942945,-49
6779,BC_6779,TR_5E_DMZ_GPP,944836,20
2858,BC_2858,TR_5E_DMZ_GPP,946435,-17
2859,BC_2859,TR_5E_DMZ_GPP,947855,-27
2860,BC_2860,TR_5E_DMZ_GPP,948235,-25
6780,BC_6780,TR_5E_DMZ_GPP,950505,-28
4798,BC_4798,TR_5E_DMZ_GPP,956664,-63
1486,BC_1486,TR_5E_DMZ_GPP,972664,-100
1487,BC_1487,TR_5E_DMZ_GPP,974764,-128
6781,BC_6781,TR_5E_DMZ_GPP,984300,-7
4799,BC_4799,TR_5E_DMZ_GPP,999649,-35
6782,BC_6782,TR_5E_DMZ_GPP,1005149,35
2861,BC_2861,TR_5E_DMZ_GPP,1007659,19
2862,BC_2862,TR_5E_DMZ_GPP,1007949,16
2863,BC_2863,TR_5E_DMZ_GPP,1008339,52
2864,BC_2864,TR_5E_DMZ_GPP,1009469,62
6783,BC_6783,TR_5E_DMZ_GPP,1010859,31
6784,BC_6784,TR_5E_DMZ_GPP,1013059,41
2866,BC_2866,TR_5E_DMZ_GPP,1016439,20
2867,BC_2867,TR_5E_DMZ_GPP,1018179,-6
2868,BC_2868,TR_5E_DMZ_GPP,1018569,32
4800,BC_4800,TR_5E_DMZ_GPP,1019000,-40
1488,BC_1488,TR_5E_DMZ_GPP,1021000,19
1489,BC_1489,TR_5E_DMZ_GPP,1023100,-8
6786,BC_6786,TR_5E_DMZ_GPP,1024242,202
6787,BC_6787,TR_5E_DMZ_GPP,1032152,14
6596,BC_6596,TR_5E_DMZ_GPP,1035082,30
2869,BC_2869,TR_5E_DMZ_GPP,1035532,-22
6597,BC_6597,TR_5E_DMZ_GPP,1036822,16
2870,BC_2870,TR_5E_DMZ_GPP,1037272,-35
2872,BC_2872,TR_5E_DMZ_GPP,1038732,9
2873,BC_2873,TR_5E_DMZ_GPP,1040472,5
2874,BC_2874,TR_5E_DMZ_GPP,1041932,-35
2875,BC_2875,TR_5E_DMZ_GPP,1043672,-42
2877,BC_2877,TR_5E_DMZ_GPP,1045132,7
2878,BC_2878,TR_5E_DMZ_GPP,1046872,0
6899,BC_6899,TR_S_367_EOT_LCM,525874,0
4869,BC_4869,TR_S_367_EOT_LCM,531584,0
6900,BC_6900,TR_S_367_EOT_LCM,533784,0
6559,BC_6559,TR_S_367_EOT_LCM,537164,0
6560,BC_6560,TR_S_367_EOT_LCM,538904,0
6892,BC_6892,TR_S_317_LCM,480652,35053
4865,BC_4865,TR_S_317_LCM,486152,24053
5625,BC_5625,TR_S_317_LCM,490400,-3668
5626,BC_5626,TR_S_317_LCM,498400,332
5627,BC_5627,TR_S_317_LCM,506400,0
5628,BC_5628,TR_S_317_LCM,515000,0
6512,BC_6512,TR_S_317_LCM,524734,2261
6513,BC_6513,TR_S_317_LCM,526474,941
4866,BC_4866,TR_S_317_LCM,529934,-7119
6893,BC_6893,TR_S_317_LCM,532134,-8519
6515,BC_6515,TR_S_317_LCM,535514,-6779
6516,BC_6516,TR_S_317_LCM,537254,-8099
6517,BC_6517,TR_S_317_LCM,545984,0
6518,BC_6518,TR_S_317_LCM,546114,-15919
6519,BC_6519,TR_S_317_LCM,547724,0
6520,BC_6520,TR_S_317_LCM,547854,-17239
6521,BC_6521,TR_S_317_LCM,549314,-17379
6522,BC_6522,TR_S_317_LCM,549734,-17379
6523,BC_6523,TR_S_317_LCM,551054,-17659
6524,BC_6524,TR_S_317_LCM,551474,-17659
6525,BC_6525,TR_S_317_LCM,552514,-17379
6526,BC_6526,TR_S_317_LCM,552934,-17379
6528,BC_6528,TR_S_317_LCM,554254,-17659
6530,BC_6530,TR_S_317_LCM,554674,-17659
6531,BC_6531,TR_S_317_LCM,555264,-16929
6532,BC_6532,TR_S_317_LCM,556134,-17379
6533,BC_6533,TR_S_317_LCM,557004,-10395
6534,BC_6534,TR_S_317_LCM,557874,-10895
4867,BC_4867,TR_S_317_LCM,563454,-15095
6894,BC_6894,TR_S_317_LCM,567000,-18281
6895,BC_6895,TR_S_421_LCM,543000,400
6535,BC_6535,TR_S_421_LCM,545734,570
6536,BC_6536,TR_S_421_LCM,546114,520
6537,BC_6537,TR_S_421_LCM,547474,570
6538,BC_6538,TR_S_421_LCM,547854,520
6539,BC_6539,TR_S_421_LCM,549314,520
6540,BC_6540,TR_S_421_LCM,549734,520
6541,BC_6541,TR_S_421_LCM,551054,520
6543,BC_6543,TR_S_421_LCM,551474,520
6545,BC_6545,TR_S_421_LCM,552514,520
6546,BC_6546,TR_S_421_LCM,552934,520
6547,BC_6547,TR_S_421_LCM,554254,520
6548,BC_6548,TR_S_421_LCM,554674,520
6549,BC_6549,TR_S_421_LCM,555514,1140
6550,BC_6550,TR_S_421_LCM,556134,850
6551,BC_6551,TR_S_421_LCM,557254,1140
6553,BC_6553,TR_S_421_LCM,557874,850
4844,BC_4844,TR_6B_MDW_MDW,584700,-47
6869,BC_6869,TR_6B_MDW_MDW,589196,-3568
4845,BC_4845,TR_5B_MDW_MDW,585896,-101
6870,BC_6870,TR_5B_MDW_MDW,589500,-47
4480,BC_4480,TR_S_627_EOT_BLW,916400,11
4771,BC_4771,TR_S_627_EOT_BLW,921182,27
4481,BC_4481,TR_S_627_EOT_BLW,924200,25
2751,BC_2751,TR_S_627_EOT_BLW,926762,19
2752,BC_2752,TR_S_627_EOT_BLW,928502,-11
2754,BC_2754,TR_S_627_EOT_BLW,929962,17
2756,BC_2756,TR_S_627_EOT_BLW,931702,-17
2757,BC_2757,TR_S_627_EOT_BLW,933162,16
2758,BC_2758,TR_S_627_EOT_BLW,934902,-24
2759,BC_2759,TR_S_627_EOT_BLW,938195,-580
2760,BC_2760,TR_S_627_EOT_BLW,939935,-11
4873,BC_4873,TR_S_673_EOT_GN,1254600,-8
6903,BC_6903,TR_S_673_EOT_GN,1255608,-36
2761,BC_2761,TR_S_673_EOT_GN,1258988,-15
2763,BC_2763,TR_S_673_EOT_GN,1260728,-11
2767,BC_2767,TR_S_673_EOT_GN,1262188,4
2768,BC_2768,TR_S_673_EOT_GN,1263928,35
2769,BC_2769,TR_S_673_EOT_GN,1265388,13
2770,BC_2770,TR_S_673_EOT_GN,1267128,15
2771,BC_2771,TR_S_673_EOT_GN,1268588,-10
2772,BC_2772,TR_S_673_EOT_GN,1270328,-32
2773,BC_2773,TR_S_673_EOT_GN,1272822,-8
2774,BC_2774,TR_S_673_EOT_GN,1274562,-3
4874,BC_4874,TR_S_671_EOT_GN,1256000,29
4482,BC_4482,TR_S_671_EOT_GN,1257116,-7
2775,BC_2775,TR_S_671_EOT_GN,1260496,15
2776,BC_2776,TR_S_671_EOT_GN,1262236,46
2778,BC_2778,TR_S_671_EOT_GN,1263696,35
2780,BC_2780,TR_S_671_EOT_GN,1265436,17
2781,BC_2781,TR_S_671_EOT_GN,1266896,65
2782,BC_2782,TR_S_671_EOT_GN,1268636,14
2783,BC_2783,TR_S_671_EOT_GN,1270096,51
2784,BC_2784,TR_S_671_EOT_GN,1271836,36
2785,BC_2785,TR_S_671_EOT_GN,1274233,-1
2786,BC_2786,TR_S_671_EOT_GN,1275973,-32
4809,BC_4809,TR_S_517_EOS_DMZ,268000,60
5535,BC_5535,TR_S_517_EOS_DMZ,276600,-13
5632,BC_5632,TR_S_517_EOS_DMZ,285200,-37
4877,BC_4877,TR_S_517_EOS_DMZ,293309,-41
6586,BC_6586,TR_S_517_EOS_DMZ,295619,-74
6587,BC_6587,TR_S_517_EOS_DMZ,297359,-58
6905,BC_6905,TR_S_517_EOS_DMZ,299739,-92
4878,BC_4878,TR_S_517_EOS_DMZ,302939,-43
6906,BC_6906,TR_S_517_EOS_DMZ,306719,-120
6588,BC_6588,TR_S_517_EOS_DMZ,310099,-110
6589,BC_6589,TR_S_517_EOS_DMZ,311839,-171
5536,BC_5536,TR_S_519_EOS_DMZ,269214,88
4810,BC_4810,TR_S_519_EOS_DMZ,277714,-8
6816,BC_6816,TR_S_519_EOS_DMZ,283214,3
4811,BC_4811,TR_S_519_EOS_DMZ,287000,-76
4879,BC_4879,TR_S_519_EOS_DMZ,296338,-2013
6590,BC_6590,TR_S_519_EOS_DMZ,299848,10
6591,BC_6591,TR_S_519_EOS_DMZ,301588,-42
6908,BC_6908,TR_S_519_EOS_DMZ,304968,-13
4880,BC_4880,TR_S_519_EOS_DMZ,307548,-74
6909,BC_6909,TR_S_519_EOS_DMZ,309748,-84
6592,BC_6592,TR_S_519_EOS_DMZ,313128,-78
6593,BC_6593,TR_S_519_EOS_DMZ,314868,-135
6910,BC_6910,TR_S_531_EOT_DMZ,291244,18
4881,BC_4881,TR_S_531_EOT_DMZ,293596,16
6810,BC_6810,TR_S_531_EOT_DMZ,295336,5
2917,BC_2917,TR_S_531_EOT_DMZ,296954,-23
2918,BC_2918,TR_S_531_EOT_DMZ,299154,-15
2919,BC_2919,TR_S_531_EOT_DMZ,302534,-86
2920,BC_2920,TR_S_531_EOT_DMZ,304274,-20
5633,BC_5633,TR_S_531_EOT_DMZ,309334,2324
2921,BC_2921,TR_S_531_EOT_DMZ,314334,-60
2922,BC_2922,TR_S_531_EOT_DMZ,316074,-53
5634,BC_5634,TR_S_531_EOT_DMZ,321074,-76
2923,BC_2923,TR_S_531_EOT_DMZ,326134,-92
2924,BC_2924,TR_S_531_EOT_DMZ,327874,-104
6815,BC_6815,TR_S_579_EOT_GPP,1032216,-14
6603,BC_6603,TR_S_579_EOT_GPP,1035016,13
2951,BC_2951,TR_S_579_EOT_GPP,1035596,-20
6604,BC_6604,TR_S_579_EOT_GPP,1036756,91
2952,BC_2952,TR_S_579_EOT_GPP,1037336,-19
2953,BC_2953,TR_S_579_EOT_GPP,1038796,-49
2954,BC_2954,TR_S_579_EOT_GPP,1040536,24
2955,BC_2955,TR_S_579_EOT_GPP,1041996,-10
2956,BC_2956,TR_S_579_EOT_GPP,1043736,-10
2957,BC_2957,TR_S_579_EOT_GPP,1045196,-44
2958,BC_2958,TR_S_579_EOT_GPP,1046936,-41
6813,BC_6813,TR_S_583_EOT_GPP,1032187,-36
6600,BC_6600,TR_S_583_EOT_GPP,1035082,43
2942,BC_2942,TR_S_583_EOT_GPP,1035567,-46
6602,BC_6602,TR_S_583_EOT_GPP,1036822,69
2943,BC_2943,TR_S_583_EOT_GPP,1037307,-5
2944,BC_2944,TR_S_583_EOT_GPP,1038767,-11
2945,BC_2945,TR_S_583_EOT_GPP,1040507,-17
2946,BC_2946,TR_S_583_EOT_GPP,1041967,-45
2948,BC_2948,TR_S_583_EOT_GPP,1043707,27
2949,BC_2949,TR_S_583_EOT_GPP,1045167,0
2950,BC_2950,TR_S_583_EOT_GPP,1046907,-4
4876,BC_4876,TR_S_581_EOT_GPP,1032800,-11
6812,BC_6812,TR_S_581_EOT_GPP,1033591,60
2933,BC_2933,TR_S_581_EOT_GPP,1036993,57
2934,BC_2934,TR_S_581_EOT_GPP,1038733,45
2935,BC_2935,TR_S_581_EOT_GPP,1040171,117
2936,BC_2936,TR_S_581_EOT_GPP,1041911,108
2937,BC_2937,TR_S_581_EOT_GPP,1043371,82
2939,BC_2939,TR_S_581_EOT_GPP,1045111,69
2940,BC_2940,TR_S_581_EOT_GPP,1046571,114
2941,BC_2941,TR_S_581_EOT_GPP,1048311,19
4875,BC_4875,TR_S_585_EOT_GPP,1032780,12
6811,BC_6811,TR_S_585_EOT_GPP,1033629,-7
2925,BC_2925,TR_S_585_EOT_GPP,1037009,0
2926,BC_2926,TR_S_585_EOT_GPP,1038749,-22
2927,BC_2927,TR_S_585_EOT_GPP,1040209,-43
2928,BC_2928,TR_S_585_EOT_GPP,1041949,13
2929,BC_2929,TR_S_585_EOT_GPP,1043409,-13
2930,BC_2930,TR_S_585_EOT_GPP,1045149,-28
2931,BC_2931,TR_S_585_EOT_GPP,1046609,17
2932,BC_2932,TR_S_585_EOT_GPP,1048349,-75
5604,BC_5604,TR_6A_MDW_OAS,574700,0
1522,BC_1522,TR_6A_MDW_OAS,579033,1
1523,BC_1523,TR_6A_MDW_OAS,581133,1
5605,BC_5605,TR_6A_MDW_OAS,597133,1
5607,BC_5607,TR_6A_MDW_OAS,613133,1
5609,BC_5609,TR_6A_MDW_OAS,629133,1
4836,BC_4836,TR_6A_MDW_OAS,644818,338
6859,BC_6859,TR_6A_MDW_OAS,650918,365
6018,BC_6018,TR_6A_MDW_OAS,653188,310
6019,BC_6019,TR_6A_MDW_OAS,653568,291
6020,BC_6020,TR_6A_MDW_OAS,654988,310
6860,BC_6860,TR_6A_MDW_OAS,656478,1
6861,BC_6861,TR_6A_MDW_OAS,658478,319
6863,BC_6863,TR_6A_MDW_OAS,660478,331
6022,BC_6022,TR_6A_MDW_OAS,661968,335
6023,BC_6023,TR_6A_MDW_OAS,663388,345
6024,BC_6024,TR_6A_MDW_OAS,663768,317
6864,BC_6864,TR_6A_MDW_OAS,666038,301
4837,BC_4837,TR_6A_MDW_OAS,672453,310
5610,BC_5610,TR_5A_MDW_OAS,575018,-393
5611,BC_5611,TR_5A_MDW_OAS,591018,-130
1524,BC_1524,TR_5A_MDW_OAS,607018,-176
1525,BC_1525,TR_5A_MDW_OAS,609118,92
5612,BC_5612,TR_5A_MDW_OAS,625118,14
4838,BC_4838,TR_5A_MDW_OAS,640400,-2914
6871,BC_6871,TR_S_1831A_ZD,860542,-46
6034,BC_6034,TR_S_1831A_ZD,863922,-14
6036,BC_6036,TR_S_1831A_ZD,864758,8
6037,BC_6037,TR_S_1831A_ZD,865662,-38
6038,BC_6038,TR_S_1831A_ZD,866498,-13
6040,BC_6040,TR_S_1831A_ZD,867122,5
6041,BC_6041,TR_S_1831A_ZD,867542,17
6042,BC_6042,TR_S_1831A_ZD,868862,-7
6043,BC_6043,TR_S_1831A_ZD,869282,-8
6044,BC_6044,TR_S_1831A_ZD,870322,23
6046,BC_6046,TR_S_1831A_ZD,870742,29
6047,BC_6047,TR_S_1831A_ZD,872062,-4
6048,BC_6048,TR_S_1831A_ZD,872482,4
6049,BC_6049,TR_S_1831A_ZD,873107,29
6051,BC_6051,TR_S_1831A_ZD,873942,-18
6053,BC_6053,TR_S_1831A_ZD,874797,49
6911,BC_6911,TR_S_1831A_ZD,879350,410
6058,BC_6058,TR_S_1831A_ZD,881262,-7
6912,BC_6912,TR_S_1831A_ZD,886972,-23
6059,BC_6059,TR_S_1831A_ZD,892472,-25
6876,BC_6876,TR_S_1799_EOT_ZD,972655,-52122
6877,BC_6877,TR_S_1799_EOT_ZD,981200,-51700
6120,BC_6120,TR_S_1799_EOT_ZD,983945,0
6122,BC_6122,TR_S_1799_EOT_ZD,984065,-52572
6123,BC_6123,TR_S_1799_EOT_ZD,985685,0
6124,BC_6124,TR_S_1799_EOT_ZD,985805,-53982
6125,BC_6125,TR_S_1799_EOT_ZD,987145,-53912
6126,BC_6126,TR_S_1799_EOT_ZD,987565,-54002
6127,BC_6127,TR_S_1799_EOT_ZD,988885,-53862
6128,BC_6128,TR_S_1799_EOT_ZD,989305,-53862
6129,BC_6129,TR_S_1799_EOT_ZD,990345,-53582
6130,BC_6130,TR_S_1799_EOT_ZD,990765,-53582
6131,BC_6131,TR_S_1799_EOT_ZD,992085,-53862
6133,BC_6133,TR_S_1799_EOT_ZD,992505,-53862
6134,BC_6134,TR_S_1799_EOT_ZD,993545,-53582
6135,BC_6135,TR_S_1799_EOT_ZD,993965,-53582
6136,BC_6136,TR_S_1799_EOT_ZD,995285,-53862
6137,BC_6137,TR_S_1799_EOT_ZD,995705,-53862
6138,BC_6138,TR_S_1799_EOT_ZD,996745,-53482
6139,BC_6139,TR_S_1799_EOT_ZD,997165,-53582
6141,BC_6141,TR_S_1799_EOT_ZD,998485,-53862
6142,BC_6142,TR_S_1799_EOT_ZD,998905,-53862
6145,BC_6145,TR_S_1799_EOT_ZD,1000345,-53982
6147,BC_6147,TR_S_1799_EOT_ZD,1000765,-53982
6148,BC_6148,TR_S_1799_EOT_ZD,1002085,-54162
6153,BC_6153,TR_S_1799_EOT_ZD,1002505,-54162
6157,BC_6157,TR_S_1799_EOT_ZD,1003545,-53882
6161,BC_6161,TR_S_1799_EOT_ZD,1003965,-53882
6163,BC_6163,TR_S_1799_EOT_ZD,1005285,-54162
6164,BC_6164,TR_S_1799_EOT_ZD,1005705,-54162
6166,BC_6166,TR_S_1799_EOT_ZD,1006745,-53882
6167,BC_6167,TR_S_1799_EOT_ZD,1007165,-53882
6168,BC_6168,TR_S_1799_EOT_ZD,1008485,-54162
6169,BC_6169,TR_S_1799_EOT_ZD,1008905,-54162
6170,BC_6170,TR_S_1799_EOT_ZD,1010365,-54302
6172,BC_6172,TR_S_1799_EOT_ZD,1010994,-54511
6175,BC_6175,TR_S_1799_EOT_ZD,1012105,-54162
6176,BC_6176,TR_S_1799_EOT_ZD,1012734,-54461
6177,BC_6177,TR_S_1799_EOT_ZD,1025631,-65948
6178,BC_6178,TR_S_1799_EOT_ZD,1025946,-65933
6179,BC_6179,TR_S_1799_EOT_ZD,1027371,-53257
6180,BC_6180,TR_S_1799_EOT_ZD,1027686,-51832
5619,BC_5619,TR_11_ZD_ZD,933700,801
5620,BC_5620,TR_11_ZD_ZD,942300,837
5621,BC_5621,TR_11_ZD_ZD,950900,877
5624,BC_5624,TR_11_ZD_ZD,958000,909
5613,BC_5613,TR_12_ZD_ZD,882324,-177
5614,BC_5614,TR_12_ZD_ZD,890924,6
5616,BC_5616,TR_12_ZD_ZD,899524,0
4840,BC_4840,TR_12_ZD_ZD,908200,33
6865,BC_6865,TR_12_ZD_ZD,914895,2
4841,BC_4841,TR_12_ZD_ZD,918700,13
6866,BC_6866,TR_12_ZD_ZD,923188,-9
6025,BC_6025,TR_12_ZD_ZD,923511,22
6026,BC_6026,TR_12_ZD_ZD,925251,-10
6027,BC_6027,TR_12_ZD_ZD,926185,-15
6029,BC_6029,TR_12_ZD_ZD,926608,-11
6030,BC_6030,TR_12_ZD_ZD,927925,16
6031,BC_6031,TR_12_ZD_ZD,928348,-33
6867,BC_6867,TR_12_ZD_ZD,931728,8
4842,BC_4842,TR_12_ZD_ZD,933928,-44
6868,BC_6868,TR_12_ZD_ZD,939638,-61
4843,BC_4843,TR_12_ZD_ZD,945138,-67
5617,BC_5617,TR_12_ZD_ZD,953738,-140
5618,BC_5618,TR_12_ZD_ZD,959500,-222
