ID,Track_ID,Kp_BeginValue,Kp_BeginCorrected_Trolley_Value,Curve_Radius,Real_Grade
1,TR_3B_ASW_ITW,1020501,0,1,-11
2,TR_3B_ASW_ITW,1022352,0,1,-12
3,TR_3B_ASW_ITW,1024852,0,1,-14
4,TR_3B_ASW_ITW,1029451,0,1,-17
5,TR_3B_ASW_ITW,1031951,0,1,-16
6,TR_3B_ASW_ITW,1034451,0,1,-13
7,TR_3B_ASW_ITW,1036951,0,1,-9
8,TR_3B_ASW_ITW,1039451,0,1,-8
9,TR_3B_ASW_ITW,1041951,0,1,-14
10,TR_3B_ASW_ITW,1044451,0,1,-11
11,TR_3B_ASW_ITW,1046951,0,1,-5
12,TR_3B_ASW_ITW,1049451,0,1,8
13,TR_3B_ASW_ITW,1051951,0,1,19
14,TR_3B_ASW_ITW,1054451,0,1,31
15,TR_3B_ASW_ITW,1056951,0,1,36
16,TR_3B_ASW_ITW,1059451,0,1,38
17,TR_3B_ASW_ITW,1061951,0,1,37
18,TR_3B_ASW_ITW,1064451,0,1,39
19,TR_3B_ASW_ITW,1066951,0,1,34
20,TR_3B_ASW_ITW,1069451,0,1,34
21,TR_3B_ASW_ITW,1071950,0,1,27
22,TR_3B_ASW_ITW,1074450,0,1,27
23,TR_3B_ASW_ITW,1076950,0,1,28
24,TR_3B_ASW_ITW,1077406,0,1,31
25,TR_3B_ASW_ITW,1079906,0,1,33
26,TR_3B_ASW_ITW,1082406,0,1,27
27,TR_3B_ASW_ITW,1084906,0,1,16
28,TR_3B_ASW_ITW,1087406,0,1,2
29,TR_3B_ASW_ITW,1089906,0,1,-8
30,TR_3B_ASW_ITW,1092406,0,1,-13
31,TR_3B_ASW_ITW,1094906,0,1,-14
32,TR_3B_ASW_ITW,1097406,0,1,-10
33,TR_3B_ASW_ITW,1099906,0,1,-7
34,TR_3B_ASW_ITW,1102406,0,1,-5
35,TR_3B_ASW_ITW,1104906,0,1,-6
36,TR_3B_ASW_ITW,1107406,0,1,-10
37,TR_3B_ASW_ITW,1109906,0,1,-9
38,TR_3B_ASW_ITW,1112406,0,1,-11
39,TR_3B_ASW_ITW,1114906,0,1,-16
40,TR_3B_ASW_ITW,1117406,0,1,-19
41,TR_3B_ASW_ITW,1119906,0,1,-26
42,TR_3B_ASW_ITW,1122406,0,1,-28
43,TR_3B_ASW_ITW,1124906,0,1,-28
44,TR_3B_ASW_ITW,1127406,0,1,-26
45,TR_3B_ASW_ITW,1129906,0,1,-24
46,TR_3B_ASW_ITW,1132406,0,1,-21
47,TR_3B_ASW_ITW,1134906,0,1,-17
48,TR_3B_ASW_ITW,1137406,0,1,-14
49,TR_3B_ASW_ITW,1139906,0,1,-17
50,TR_3B_ASW_ITW,1142406,0,1,-16
51,TR_3B_ASW_ITW,1144906,0,1,-1
52,TR_3B_ASW_ITW,1147406,0,1,41
53,TR_3B_ASW_ITW,1149906,0,1,90
54,TR_3B_ASW_ITW,1152406,0,1,134
55,TR_3B_ASW_ITW,1154906,0,1,156
56,TR_3B_ASW_ITW,1157406,0,1,166
57,TR_3B_ASW_ITW,1159906,0,1,168
58,TR_3B_ASW_ITW,1162406,0,1,159
59,TR_3B_ASW_ITW,1164906,0,1,122
60,TR_3B_ASW_ITW,1167406,0,1,61
61,TR_3B_ASW_ITW,1169906,0,1,-19
62,TR_3B_ASW_ITW,1172406,0,1,-81
63,TR_3B_ASW_ITW,1174906,0,1,-118
64,TR_3B_ASW_ITW,1177406,0,1,-129
65,TR_3B_ASW_ITW,1179906,0,1,-128
66,TR_3B_ASW_ITW,1182406,0,1,-124
67,TR_3B_ASW_ITW,1184906,0,1,-122
68,TR_3B_ASW_ITW,1187406,0,1,-123
69,TR_3B_ASW_ITW,1189906,0,1,-128
70,TR_3B_ASW_ITW,1192406,0,1,-133
71,TR_3B_ASW_ITW,1194906,0,1,-136
72,TR_3B_ASW_ITW,1197406,0,1,-139
73,TR_3B_ASW_ITW,1199906,0,1,-143
74,TR_3B_ASW_ITW,1202406,0,1,-145
75,TR_3B_ASW_ITW,1204906,0,1,-145
76,TR_3B_ASW_ITW,1207406,0,1,-144
77,TR_3B_ASW_ITW,1209906,0,1,-138
78,TR_3B_ASW_ITW,1212406,0,1,-136
79,TR_3B_ASW_ITW,1214906,0,1,-135
80,TR_3B_ASW_ITW,1217406,0,1,-132
81,TR_3B_ASW_ITW,1219906,0,1,-128
82,TR_3B_ASW_ITW,1222406,0,1,-121
83,TR_3B_ASW_ITW,1224906,0,1,-114
84,TR_3B_ASW_ITW,1227406,0,1,-91
85,TR_3B_ASW_ITW,1229906,0,1,-60
86,TR_3B_ASW_ITW,1232406,0,1,-31
87,TR_3B_ASW_ITW,1234906,0,1,-17
88,TR_3B_ASW_ITW,1237406,0,1,-17
89,TR_3B_ASW_ITW,1239906,0,1,-15
90,TR_3B_ASW_ITW,1242406,0,1,-11
91,TR_3B_ASW_ITW,1244906,0,1,-6
92,TR_3B_ASW_ITW,1247406,0,1,-6
93,TR_3B_ASW_ITW,1249906,0,1,-4
94,TR_3B_ASW_ITW,1252406,0,1,-7
95,TR_3B_ASW_ITW,1254906,0,1,-8
96,TR_3B_ASW_ITW,1257406,0,1,-15
97,TR_3B_ASW_ITW,1259906,0,1,-13
98,TR_3B_ASW_ITW,1262406,0,1,-10
99,TR_3B_ASW_ITW,1264906,0,1,0
100,TR_3B_ASW_ITW,1267406,0,1,5
101,TR_3B_ASW_ITW,1269906,0,1,3
102,TR_3B_ASW_ITW,1272406,0,1,-6
103,TR_3B_ASW_ITW,1274906,0,1,-14
104,TR_3B_ASW_ITW,1277406,0,1,-22
105,TR_3B_ASW_ITW,1279906,0,1,-18
106,TR_3B_ASW_ITW,1282406,0,1,-14
107,TR_3B_ASW_ITW,1284906,0,1,-11
108,TR_3B_ASW_ITW,1288465,0,1,-10
109,TR_3B_ASW_ITW,1290965,0,1,-13
110,TR_3B_ASW_ITW,1293465,0,1,-15
111,TR_3B_ASW_ITW,1295965,0,1,-18
112,TR_3B_ASW_ITW,1298465,0,1,-18
113,TR_3B_ASW_ITW,1299757,0,1,-20
114,TR_3B_ASW_ITW,1302257,0,1,-19
115,TR_3B_ASW_ITW,1304757,0,1,-19
116,TR_3B_ASW_ITW,1307257,0,1,-19
117,TR_3B_ASW_ITW,1309757,0,1,-19
118,TR_3B_ASW_ITW,1312257,0,1,-18
119,TR_3B_ASW_ITW,1314757,0,1,-14
120,TR_3B_ASW_ITW,1317257,0,1,-9
121,TR_3B_ASW_ITW,1319757,0,1,-9
122,TR_3B_ASW_ITW,1322257,0,1,-12
123,TR_3B_ASW_ITW,1324757,0,1,-15
124,TR_3B_ASW_ITW,1327257,0,1,-19
125,TR_3B_ASW_ITW,1329757,0,1,-14
126,TR_3B_ASW_ITW,1332257,0,1,-10
127,TR_3B_ASW_ITW,1334757,0,1,-4
128,TR_3B_ASW_ITW,1337257,0,1,-5
129,TR_3B_ASW_ITW,1339757,0,1,-8
130,TR_3B_ASW_ITW,1342257,0,1,-12
131,TR_3B_ASW_ITW,1344757,0,1,-17
132,TR_3B_ASW_ITW,1347257,0,1,-19
133,TR_3B_ASW_ITW,1349757,0,1,-22
134,TR_3B_ASW_ITW,1352257,0,1,-20
135,TR_3B_ASW_ITW,1354757,0,1,-21
136,TR_3B_ASW_ITW,1357257,0,1,-19
137,TR_3B_ASW_ITW,1359757,0,1,-13
138,TR_3B_ASW_ITW,1362257,0,1,-6
139,TR_3B_ASW_ITW,1364757,0,1,0
140,TR_3B_ASW_ITW,1367257,0,1,3
141,TR_3B_ASW_ITW,1369757,0,1,3
142,TR_3B_ASW_ITW,1372257,0,1,-4
143,TR_3B_ASW_ITW,1374757,0,1,-10
144,TR_3B_ASW_ITW,1377257,0,1,-17
145,TR_3B_ASW_ITW,1379757,0,1,-19
146,TR_3B_ASW_ITW,1382257,0,1,-19
147,TR_3B_ASW_ITW,1384757,0,1,-18
148,TR_3B_ASW_ITW,1387257,0,1,-16
149,TR_3B_ASW_ITW,1389757,0,1,-14
150,TR_3B_ASW_ITW,1392257,0,1,-12
151,TR_3B_ASW_ITW,1394757,0,1,-11
152,TR_3B_ASW_ITW,1397257,0,1,-9
153,TR_3B_ASW_ITW,1399757,0,1,-7
154,TR_3B_ASW_ITW,1402257,0,1,-8
155,TR_3B_ASW_ITW,1404757,0,1,-11
156,TR_3B_ASW_ITW,1407257,0,1,-11
157,TR_3B_ASW_ITW,1409757,0,1,-9
158,TR_3B_ASW_ITW,1412257,0,1,-18
159,TR_3B_ASW_ITW,1414629,0,1,-19
160,TR_3B_ASW_ITW,1417129,0,1,-20
161,TR_3B_ASW_ITW,1419629,0,1,-10
162,TR_3B_ASW_ITW,1422129,0,1,-5
163,TR_3B_ASW_ITW,1424629,0,1,-6
164,TR_3B_ASW_ITW,1427129,0,1,-8
165,TR_3B_ASW_ITW,1429629,0,1,-11
166,TR_3B_ASW_ITW,1432129,0,1,-15
167,TR_3B_ASW_ITW,1434629,0,1,-14
168,TR_3B_ASW_ITW,1437129,0,1,-10
169,TR_3B_ASW_ITW,1439629,0,1,-6
170,TR_3B_ASW_ITW,1442129,0,1,-8
171,TR_3B_ASW_ITW,1444629,0,1,-10
172,TR_3B_ASW_ITW,1447373,0,1,-21
173,TR_3B_ASW_ITW,1449873,0,1,-28
174,TR_3B_ASW_ITW,1452373,0,1,-35
175,TR_3B_ASW_ITW,1454873,0,1,-31
176,TR_3B_ASW_ITW,1457373,0,1,-25
177,TR_3B_ASW_ITW,1459873,0,1,-19
178,TR_3B_ASW_ITW,1462373,0,1,-22
179,TR_3B_ASW_ITW,1464873,0,1,-25
180,TR_3B_ASW_ITW,1467373,0,1,-24
181,TR_3B_ASW_ITW,1469873,0,1,-20
182,TR_3B_ASW_ITW,1472373,0,1,-17
183,TR_3B_ASW_ITW,1474873,0,1,-20
184,TR_3B_ASW_ITW,1477373,0,1,-22
185,TR_3B_ASW_ITW,1479873,0,1,-24
186,TR_3B_ASW_ITW,1482373,0,1,-18
187,TR_3B_ASW_ITW,1484873,0,1,-1
188,TR_3B_ASW_ITW,1487373,0,1,29
189,TR_3B_ASW_ITW,1489873,0,1,57
190,TR_3B_ASW_ITW,1492373,0,1,69
191,TR_3B_ASW_ITW,1494873,0,1,59
192,TR_3B_ASW_ITW,1497373,0,1,34
193,TR_3B_ASW_ITW,1499873,0,1,7
194,TR_3B_ASW_ITW,1502373,0,1,-10
195,TR_3B_ASW_ITW,1504873,0,1,-17
196,TR_3B_ASW_ITW,1507373,0,1,-17
197,TR_3B_ASW_ITW,1509873,0,1,-17
198,TR_3B_ASW_ITW,1512373,0,1,-15
199,TR_3B_ASW_ITW,1514873,0,1,-13
200,TR_3B_ASW_ITW,1517373,0,1,-10
201,TR_3B_ASW_ITW,1519873,0,1,-7
202,TR_3B_ASW_ITW,1522373,0,1,-4
203,TR_3B_ASW_ITW,1524873,0,1,-3
204,TR_3B_ASW_ITW,1527373,0,1,-4
205,TR_3B_ASW_ITW,1529873,0,1,-12
206,TR_3B_ASW_ITW,1532373,0,1,-22
207,TR_3B_ASW_ITW,1534873,0,1,-27
208,TR_3B_ASW_ITW,1537373,0,1,-28
209,TR_3B_ASW_ITW,1539873,0,1,-21
210,TR_3B_ASW_ITW,1542373,0,1,-13
211,TR_3B_ASW_ITW,1544873,0,1,-7
212,TR_3B_ASW_ITW,1547373,0,1,-6
213,TR_3B_ASW_ITW,1549873,0,1,-9
214,TR_3B_ASW_ITW,1552373,0,1,-11
215,TR_3B_ASW_ITW,1554873,0,1,-10
216,TR_3B_ASW_ITW,1557373,0,1,-5
217,TR_3B_ASW_ITW,1559873,0,1,-4
218,TR_3B_ASW_ITW,1562373,0,1,-5
219,TR_3B_ASW_ITW,1564873,0,1,-20
220,TR_3B_ASW_ITW,1567373,0,1,-22
221,TR_3B_ASW_ITW,1569873,0,1,-26
222,TR_3B_ASW_ITW,1572373,0,1,-18
223,TR_3B_ASW_ITW,1574873,0,1,-17
224,TR_3B_ASW_ITW,1577373,0,1,-19
225,TR_3B_ASW_ITW,1579873,0,1,-19
226,TR_3B_ASW_ITW,1582373,0,1,-18
227,TR_3B_ASW_ITW,1584873,0,1,-16
228,TR_3B_ASW_ITW,1587373,0,1,-15
229,TR_3B_ASW_ITW,1589873,0,1,-11
230,TR_3B_ASW_ITW,1592373,0,1,-4
231,TR_3B_ASW_ITW,1594873,0,1,0
232,TR_3B_ASW_ITW,1597373,0,1,-2
233,TR_3B_ASW_ITW,1599873,0,1,-7
234,TR_3B_ASW_ITW,1602373,0,1,-22
235,TR_3B_ASW_ITW,1604873,0,1,-20
236,TR_3B_ASW_ITW,1607373,0,1,-17
237,TR_3B_ASW_ITW,1609873,0,1,-7
238,TR_3B_ASW_ITW,1613692,0,1,-6
239,TR_3B_ASW_ITW,1614336,0,1,-15
240,TR_3B_ASW_ITW,1616836,0,1,-20
241,TR_3B_ASW_ITW,1619336,0,1,-19
242,TR_3B_ASW_ITW,1621836,0,1,-2
243,TR_3B_ASW_ITW,1624336,0,1,3
244,TR_3B_ASW_ITW,1626836,0,1,9
245,TR_3B_ASW_ITW,1629336,0,1,-5
246,TR_3B_ASW_ITW,1631836,0,1,-7
247,TR_3B_ASW_ITW,1634336,0,1,-9
248,TR_3B_ASW_ITW,1636836,0,1,-5
249,TR_3B_ASW_ITW,1639336,0,1,-5
250,TR_3B_ASW_ITW,1641836,0,1,-9
251,TR_3B_ASW_ITW,1644336,0,1,-16
252,TR_3B_ASW_ITW,1646836,0,1,-20
253,TR_3B_ASW_ITW,1649336,0,1,-22
254,TR_3B_ASW_ITW,1651836,0,1,-19
255,TR_3B_ASW_ITW,1654336,0,1,-18
256,TR_3B_ASW_ITW,1656836,0,1,-11
257,TR_3B_ASW_ITW,1659336,0,1,-7
258,TR_3B_ASW_ITW,1661836,0,1,-7
259,TR_3B_ASW_ITW,1664336,0,1,-18
260,TR_3B_ASW_ITW,1666836,0,1,-27
261,TR_3B_ASW_ITW,1669336,0,1,-27
262,TR_3B_ASW_ITW,1671836,0,1,-19
263,TR_3B_ASW_ITW,1674336,0,1,-7
264,TR_3B_ASW_ITW,1676836,0,1,8
265,TR_3B_ASW_ITW,1679336,0,1,31
266,TR_3B_ASW_ITW,1681836,0,1,54
267,TR_3B_ASW_ITW,1684336,0,1,75
268,TR_3B_ASW_ITW,1686836,0,1,88
269,TR_3B_ASW_ITW,1689336,0,1,96
270,TR_3B_ASW_ITW,1691836,0,1,96
271,TR_3B_ASW_ITW,1694336,0,1,93
272,TR_3B_ASW_ITW,1696836,0,1,89
273,TR_3B_ASW_ITW,1699336,0,1,88
274,TR_3B_ASW_ITW,1701836,0,1,87
275,TR_3B_ASW_ITW,1705071,0,1,86
276,TR_3B_ASW_ITW,1707571,0,1,78
277,TR_3B_ASW_ITW,1710585,0,1,68
278,TR_3B_ASW_ITW,1713085,0,1,52
279,TR_3B_ASW_ITW,1715585,0,1,33
280,TR_3B_ASW_ITW,1718085,0,1,13
281,TR_3B_ASW_ITW,1720585,0,1,-3
282,TR_3B_ASW_ITW,1723085,0,1,-11
283,TR_3B_ASW_ITW,1725585,0,1,-15
284,TR_3B_ASW_ITW,1728085,0,1,-14
285,TR_3B_ASW_ITW,1730585,0,1,-14
286,TR_3B_ASW_ITW,1733085,0,1,-13
287,TR_3B_ASW_ITW,1735585,0,1,-16
288,TR_3B_ASW_ITW,1738085,0,1,-14
289,TR_3B_ASW_ITW,1740585,0,1,-15
290,TR_3B_ASW_ITW,1743085,0,1,-10
291,TR_3B_ASW_ITW,1745585,0,1,-11
292,TR_3B_ASW_ITW,1748085,0,1,-9
293,TR_3B_ASW_ITW,1750585,0,1,-6
294,TR_3B_ASW_ITW,1753085,0,1,0
295,TR_3B_ASW_ITW,1755585,0,1,4
296,TR_3B_ASW_ITW,1758085,0,1,2
297,TR_3B_ASW_ITW,1760585,0,1,-2
298,TR_3B_ASW_ITW,1763085,0,1,-16
299,TR_3B_ASW_ITW,1765585,0,1,-37
300,TR_3B_ASW_ITW,1768085,0,1,-66
301,TR_3B_ASW_ITW,1770585,0,1,-100
302,TR_3B_ASW_ITW,1773085,0,1,-134
303,TR_3B_ASW_ITW,1775585,0,1,-163
304,TR_3B_ASW_ITW,1778085,0,1,-184
305,TR_3B_ASW_ITW,1780585,0,1,-193
306,TR_3B_ASW_ITW,1783085,0,1,-197
307,TR_3B_ASW_ITW,1785585,0,1,-205
308,TR_3B_ASW_ITW,1788085,0,1,-206
309,TR_3B_ASW_ITW,1790585,0,1,-209
310,TR_3B_ASW_ITW,1793085,0,1,-201
311,TR_3B_ASW_ITW,1795585,0,1,-198
312,TR_3B_ASW_ITW,1798085,0,1,-193
313,TR_3B_ASW_ITW,1800585,0,1,-185
314,TR_3B_ASW_ITW,1803085,0,1,-178
315,TR_3B_ASW_ITW,1805585,0,1,-173
316,TR_3B_ASW_ITW,1808085,0,1,-173
317,TR_3B_ASW_ITW,1810585,0,1,-178
318,TR_3B_ASW_ITW,1813085,0,1,-192
319,TR_3B_ASW_ITW,1815585,0,1,-201
320,TR_3B_ASW_ITW,1818085,0,1,-186
321,TR_3B_ASW_ITW,1820585,0,1,-147
322,TR_3B_ASW_ITW,1823085,0,1,-96
323,TR_3B_ASW_ITW,1825585,0,1,-62
324,TR_3B_ASW_ITW,1828085,0,1,-43
325,TR_3B_ASW_ITW,1830585,0,1,-33
326,TR_3B_ASW_ITW,1833085,0,1,3
327,TR_3B_ASW_ITW,1835585,0,1,77
328,TR_3B_ASW_ITW,1838085,0,1,160
329,TR_3B_ASW_ITW,1840585,0,1,222
330,TR_3B_ASW_ITW,1843085,0,1,248
331,TR_3B_ASW_ITW,1845585,0,1,246
332,TR_3B_ASW_ITW,1847597,0,1,243
333,TR_3B_ASW_ITW,1849944,0,1,243
334,TR_3B_ASW_ITW,1852444,0,1,211
335,TR_3B_ASW_ITW,1854944,0,1,151
336,TR_3B_ASW_ITW,1857444,0,1,68
337,TR_3B_ASW_ITW,1859944,0,1,15
338,TR_3B_ASW_ITW,1862444,0,1,-1
339,TR_3B_ASW_ITW,1864944,0,1,0
340,TR_3B_ASW_ITW,1867444,0,1,7
341,TR_3B_ASW_ITW,1869944,0,1,0
342,TR_3B_ASW_ITW,1872444,0,1,-1
343,TR_3B_ASW_ITW,1874944,0,1,-13
349,TR_4B_ASW_ITW,1025964,5,1,-8
350,TR_4B_ASW_ITW,1027574,0,1,-7
351,TR_4B_ASW_ITW,1030074,0,1,-5
352,TR_4B_ASW_ITW,1032574,0,1,-2
353,TR_4B_ASW_ITW,1035272,0,1,-3
354,TR_4B_ASW_ITW,1037772,0,1,-3
355,TR_4B_ASW_ITW,1040272,0,1,-6
356,TR_4B_ASW_ITW,1042772,0,1,-6
357,TR_4B_ASW_ITW,1045272,0,1,-5
358,TR_4B_ASW_ITW,1047772,0,1,0
359,TR_4B_ASW_ITW,1050272,0,1,14
360,TR_4B_ASW_ITW,1052772,0,1,25
361,TR_4B_ASW_ITW,1055272,0,1,35
362,TR_4B_ASW_ITW,1057772,0,1,39
363,TR_4B_ASW_ITW,1060272,0,1,41
364,TR_4B_ASW_ITW,1062772,0,1,45
365,TR_4B_ASW_ITW,1065272,0,1,47
366,TR_4B_ASW_ITW,1067772,0,1,47
367,TR_4B_ASW_ITW,1070272,0,1,45
368,TR_4B_ASW_ITW,1072212,0,1,37
369,TR_4B_ASW_ITW,1074712,0,1,39
370,TR_4B_ASW_ITW,1077399,0,1,39
371,TR_4B_ASW_ITW,1079899,0,1,43
372,TR_4B_ASW_ITW,1082399,0,1,40
373,TR_4B_ASW_ITW,1084899,0,1,30
374,TR_4B_ASW_ITW,1087399,0,1,17
375,TR_4B_ASW_ITW,1089899,0,1,5
376,TR_4B_ASW_ITW,1092399,0,1,-4
377,TR_4B_ASW_ITW,1094899,0,1,-9
378,TR_4B_ASW_ITW,1097399,0,1,-10
379,TR_4B_ASW_ITW,1099899,0,1,-5
380,TR_4B_ASW_ITW,1102399,0,1,-2
381,TR_4B_ASW_ITW,1104899,0,1,0
382,TR_4B_ASW_ITW,1107399,0,1,-3
383,TR_4B_ASW_ITW,1109899,0,1,-3
384,TR_4B_ASW_ITW,1112399,0,1,-1
385,TR_4B_ASW_ITW,1114899,0,1,-1
386,TR_4B_ASW_ITW,1117399,0,1,1
387,TR_4B_ASW_ITW,1119899,0,1,-2
388,TR_4B_ASW_ITW,1122399,0,1,-1
389,TR_4B_ASW_ITW,1124899,0,1,-1
390,TR_4B_ASW_ITW,1127399,0,1,-4
391,TR_4B_ASW_ITW,1129899,0,1,-10
392,TR_4B_ASW_ITW,1132399,0,1,-16
393,TR_4B_ASW_ITW,1134899,0,1,-21
394,TR_4B_ASW_ITW,1137399,0,1,-23
395,TR_4B_ASW_ITW,1139899,0,1,-22
396,TR_4B_ASW_ITW,1142399,0,1,-19
397,TR_4B_ASW_ITW,1144899,0,1,-13
398,TR_4B_ASW_ITW,1147399,0,1,0
399,TR_4B_ASW_ITW,1149899,0,1,28
400,TR_4B_ASW_ITW,1152399,0,1,67
401,TR_4B_ASW_ITW,1154899,0,1,101
402,TR_4B_ASW_ITW,1157399,0,1,117
403,TR_4B_ASW_ITW,1159899,0,1,117
404,TR_4B_ASW_ITW,1162399,0,1,110
405,TR_4B_ASW_ITW,1164899,0,1,87
406,TR_4B_ASW_ITW,1167399,0,1,50
407,TR_4B_ASW_ITW,1169899,0,1,14
408,TR_4B_ASW_ITW,1172399,0,1,-10
409,TR_4B_ASW_ITW,1174899,0,1,-11
410,TR_4B_ASW_ITW,1177399,0,1,-11
411,TR_4B_ASW_ITW,1179899,0,1,-16
412,TR_4B_ASW_ITW,1182399,0,1,-38
413,TR_4B_ASW_ITW,1184899,0,1,-65
414,TR_4B_ASW_ITW,1187399,0,1,-90
415,TR_4B_ASW_ITW,1189899,0,1,-105
416,TR_4B_ASW_ITW,1192399,0,1,-111
417,TR_4B_ASW_ITW,1194899,0,1,-118
418,TR_4B_ASW_ITW,1197399,0,1,-119
419,TR_4B_ASW_ITW,1199899,0,1,-118
420,TR_4B_ASW_ITW,1202399,0,1,-118
421,TR_4B_ASW_ITW,1204899,0,1,-118
422,TR_4B_ASW_ITW,1207399,0,1,-119
423,TR_4B_ASW_ITW,1209899,0,1,-118
424,TR_4B_ASW_ITW,1212399,0,1,-114
425,TR_4B_ASW_ITW,1214899,0,1,-114
426,TR_4B_ASW_ITW,1217399,0,1,-114
427,TR_4B_ASW_ITW,1219899,0,1,-111
428,TR_4B_ASW_ITW,1222399,0,1,-108
429,TR_4B_ASW_ITW,1224899,0,1,-102
430,TR_4B_ASW_ITW,1227399,0,1,-94
431,TR_4B_ASW_ITW,1229899,0,1,-73
432,TR_4B_ASW_ITW,1232399,0,1,-45
433,TR_4B_ASW_ITW,1234899,0,1,-21
434,TR_4B_ASW_ITW,1237399,0,1,-12
435,TR_4B_ASW_ITW,1239899,0,1,-12
436,TR_4B_ASW_ITW,1242399,0,1,-8
437,TR_4B_ASW_ITW,1244899,0,1,-2
438,TR_4B_ASW_ITW,1247399,0,1,2
439,TR_4B_ASW_ITW,1249899,0,1,-2
440,TR_4B_ASW_ITW,1252399,0,1,-4
441,TR_4B_ASW_ITW,1254899,0,1,-4
442,TR_4B_ASW_ITW,1257399,0,1,-6
443,TR_4B_ASW_ITW,1259899,0,1,-10
444,TR_4B_ASW_ITW,1262399,0,1,-10
445,TR_4B_ASW_ITW,1264899,0,1,-11
446,TR_4B_ASW_ITW,1267399,0,1,-5
447,TR_4B_ASW_ITW,1269899,0,1,-5
448,TR_4B_ASW_ITW,1272399,0,1,-7
449,TR_4B_ASW_ITW,1274899,0,1,-8
450,TR_4B_ASW_ITW,1277399,0,1,-10
451,TR_4B_ASW_ITW,1279899,0,1,-9
452,TR_4B_ASW_ITW,1282399,0,1,-6
453,TR_4B_ASW_ITW,1284899,0,1,-6
454,TR_4B_ASW_ITW,1287399,0,1,-6
455,TR_4B_ASW_ITW,1289899,0,1,-6
456,TR_4B_ASW_ITW,1292399,0,1,-8
457,TR_4B_ASW_ITW,1295931,0,1,-10
458,TR_4B_ASW_ITW,1296575,0,1,-12
459,TR_4B_ASW_ITW,1299075,0,1,-9
460,TR_4B_ASW_ITW,1301575,0,1,-8
461,TR_4B_ASW_ITW,1304075,0,1,-6
462,TR_4B_ASW_ITW,1306575,0,1,-5
463,TR_4B_ASW_ITW,1309075,0,1,-3
464,TR_4B_ASW_ITW,1311575,0,1,-1
465,TR_4B_ASW_ITW,1314075,0,1,-2
466,TR_4B_ASW_ITW,1316575,0,1,-2
467,TR_4B_ASW_ITW,1319075,0,1,-2
468,TR_4B_ASW_ITW,1321575,0,1,0
469,TR_4B_ASW_ITW,1324075,0,1,0
470,TR_4B_ASW_ITW,1326575,0,1,-3
471,TR_4B_ASW_ITW,1329075,0,1,-6
472,TR_4B_ASW_ITW,1331575,0,1,-7
473,TR_4B_ASW_ITW,1334075,0,1,-7
474,TR_4B_ASW_ITW,1336575,0,1,-4
475,TR_4B_ASW_ITW,1339075,0,1,-4
476,TR_4B_ASW_ITW,1341575,0,1,-3
477,TR_4B_ASW_ITW,1344075,0,1,0
478,TR_4B_ASW_ITW,1346575,0,1,1
479,TR_4B_ASW_ITW,1349075,0,1,1
480,TR_4B_ASW_ITW,1351575,0,1,-3
481,TR_4B_ASW_ITW,1354075,0,1,-3
482,TR_4B_ASW_ITW,1356575,0,1,-5
483,TR_4B_ASW_ITW,1359075,0,1,-5
484,TR_4B_ASW_ITW,1361575,0,1,-2
485,TR_4B_ASW_ITW,1364075,0,1,3
486,TR_4B_ASW_ITW,1366575,0,1,9
487,TR_4B_ASW_ITW,1369075,0,1,11
488,TR_4B_ASW_ITW,1371575,0,1,11
489,TR_4B_ASW_ITW,1374075,0,1,5
490,TR_4B_ASW_ITW,1376575,0,1,-2
491,TR_4B_ASW_ITW,1379075,0,1,-8
492,TR_4B_ASW_ITW,1381575,0,1,-9
493,TR_4B_ASW_ITW,1384075,0,1,-9
494,TR_4B_ASW_ITW,1386575,0,1,-9
495,TR_4B_ASW_ITW,1389075,0,1,-9
496,TR_4B_ASW_ITW,1391575,0,1,-9
497,TR_4B_ASW_ITW,1394075,0,1,-9
498,TR_4B_ASW_ITW,1396575,0,1,-10
499,TR_4B_ASW_ITW,1399075,0,1,-12
500,TR_4B_ASW_ITW,1401575,0,1,-14
501,TR_4B_ASW_ITW,1404075,0,1,-14
502,TR_4B_ASW_ITW,1406575,0,1,-14
503,TR_4B_ASW_ITW,1409075,0,1,-11
504,TR_4B_ASW_ITW,1411575,0,1,-11
505,TR_4B_ASW_ITW,1414075,0,1,-14
506,TR_4B_ASW_ITW,1416907,0,1,-16
507,TR_4B_ASW_ITW,1419407,0,1,-12
508,TR_4B_ASW_ITW,1421907,0,1,-2
509,TR_4B_ASW_ITW,1424407,0,1,3
510,TR_4B_ASW_ITW,1426907,0,1,3
511,TR_4B_ASW_ITW,1429407,0,1,2
512,TR_4B_ASW_ITW,1431907,0,1,0
513,TR_4B_ASW_ITW,1434407,0,1,-3
514,TR_4B_ASW_ITW,1436907,0,1,-4
515,TR_4B_ASW_ITW,1439407,0,1,-2
516,TR_4B_ASW_ITW,1441907,0,1,3
517,TR_4B_ASW_ITW,1444407,0,1,4
518,TR_4B_ASW_ITW,1446907,0,1,1
519,TR_4B_ASW_ITW,1449405,0,1,-6
520,TR_4B_ASW_ITW,1451905,0,1,-14
521,TR_4B_ASW_ITW,1454405,0,1,-20
522,TR_4B_ASW_ITW,1456905,0,1,-19
523,TR_4B_ASW_ITW,1459405,0,1,-14
524,TR_4B_ASW_ITW,1461905,0,1,-8
525,TR_4B_ASW_ITW,1464405,0,1,-11
526,TR_4B_ASW_ITW,1466905,0,1,-12
527,TR_4B_ASW_ITW,1469405,0,1,-13
528,TR_4B_ASW_ITW,1471905,0,1,-9
529,TR_4B_ASW_ITW,1474405,0,1,-8
530,TR_4B_ASW_ITW,1476905,0,1,-8
531,TR_4B_ASW_ITW,1479405,0,1,-8
532,TR_4B_ASW_ITW,1481905,0,1,-10
533,TR_4B_ASW_ITW,1484405,0,1,-5
534,TR_4B_ASW_ITW,1486905,0,1,11
535,TR_4B_ASW_ITW,1489405,0,1,39
536,TR_4B_ASW_ITW,1491905,0,1,68
537,TR_4B_ASW_ITW,1494405,0,1,84
538,TR_4B_ASW_ITW,1496905,0,1,77
539,TR_4B_ASW_ITW,1499405,0,1,53
540,TR_4B_ASW_ITW,1501905,0,1,26
541,TR_4B_ASW_ITW,1504405,0,1,7
542,TR_4B_ASW_ITW,1506905,0,1,-2
543,TR_4B_ASW_ITW,1509405,0,1,-5
544,TR_4B_ASW_ITW,1511905,0,1,-6
545,TR_4B_ASW_ITW,1514405,0,1,-9
546,TR_4B_ASW_ITW,1516905,0,1,-11
547,TR_4B_ASW_ITW,1519405,0,1,-12
548,TR_4B_ASW_ITW,1521905,0,1,-9
549,TR_4B_ASW_ITW,1524405,0,1,-5
550,TR_4B_ASW_ITW,1526905,0,1,-2
551,TR_4B_ASW_ITW,1529405,0,1,-2
552,TR_4B_ASW_ITW,1531905,0,1,-6
553,TR_4B_ASW_ITW,1534405,0,1,-12
554,TR_4B_ASW_ITW,1536905,0,1,-10
555,TR_4B_ASW_ITW,1539405,0,1,-6
556,TR_4B_ASW_ITW,1541905,0,1,3
557,TR_4B_ASW_ITW,1544405,0,1,5
558,TR_4B_ASW_ITW,1546905,0,1,5
559,TR_4B_ASW_ITW,1549405,0,1,2
560,TR_4B_ASW_ITW,1551905,0,1,-2
561,TR_4B_ASW_ITW,1554405,0,1,-6
562,TR_4B_ASW_ITW,1556905,0,1,-11
563,TR_4B_ASW_ITW,1559405,0,1,-8
564,TR_4B_ASW_ITW,1561905,0,1,-7
565,TR_4B_ASW_ITW,1564405,0,1,-7
566,TR_4B_ASW_ITW,1566905,0,1,-15
567,TR_4B_ASW_ITW,1569405,0,1,-21
568,TR_4B_ASW_ITW,1571905,0,1,-21
569,TR_4B_ASW_ITW,1574405,0,1,-16
570,TR_4B_ASW_ITW,1576905,0,1,-12
571,TR_4B_ASW_ITW,1579405,0,1,-10
572,TR_4B_ASW_ITW,1581905,0,1,-9
573,TR_4B_ASW_ITW,1584405,0,1,-7
574,TR_4B_ASW_ITW,1586905,0,1,-6
575,TR_4B_ASW_ITW,1589405,0,1,-4
576,TR_4B_ASW_ITW,1591905,0,1,-2
577,TR_4B_ASW_ITW,1594405,0,1,2
578,TR_4B_ASW_ITW,1596905,0,1,4
579,TR_4B_ASW_ITW,1599405,0,1,3
580,TR_4B_ASW_ITW,1601905,0,1,-2
581,TR_4B_ASW_ITW,1604405,0,1,-17
582,TR_4B_ASW_ITW,1606905,0,1,-18
583,TR_4B_ASW_ITW,1610539,0,1,-13
584,TR_4B_ASW_ITW,1613039,0,1,-3
585,TR_4B_ASW_ITW,1615539,0,1,5
586,TR_4B_ASW_ITW,1618039,0,1,-1
587,TR_4B_ASW_ITW,1620539,0,1,-2
588,TR_4B_ASW_ITW,1621831,0,1,-5
589,TR_4B_ASW_ITW,1624331,0,1,0
590,TR_4B_ASW_ITW,1626831,0,1,0
591,TR_4B_ASW_ITW,1629331,0,1,0
592,TR_4B_ASW_ITW,1631831,0,1,-9
593,TR_4B_ASW_ITW,1634331,0,1,-12
594,TR_4B_ASW_ITW,1636831,0,1,-12
595,TR_4B_ASW_ITW,1639331,0,1,-8
596,TR_4B_ASW_ITW,1641831,0,1,-6
597,TR_4B_ASW_ITW,1644331,0,1,-6
598,TR_4B_ASW_ITW,1646831,0,1,-9
599,TR_4B_ASW_ITW,1649331,0,1,-11
600,TR_4B_ASW_ITW,1651831,0,1,-9
601,TR_4B_ASW_ITW,1654331,0,1,-6
602,TR_4B_ASW_ITW,1656831,0,1,-2
603,TR_4B_ASW_ITW,1659331,0,1,1
604,TR_4B_ASW_ITW,1661831,0,1,5
605,TR_4B_ASW_ITW,1664331,0,1,2
606,TR_4B_ASW_ITW,1666831,0,1,-7
607,TR_4B_ASW_ITW,1669331,0,1,-16
608,TR_4B_ASW_ITW,1671831,0,1,-20
609,TR_4B_ASW_ITW,1674331,0,1,-13
610,TR_4B_ASW_ITW,1676831,0,1,-1
611,TR_4B_ASW_ITW,1679331,0,1,16
612,TR_4B_ASW_ITW,1681831,0,1,38
613,TR_4B_ASW_ITW,1684331,0,1,62
614,TR_4B_ASW_ITW,1686831,0,1,85
615,TR_4B_ASW_ITW,1689331,0,1,95
616,TR_4B_ASW_ITW,1691831,0,1,101
617,TR_4B_ASW_ITW,1694331,0,1,102
618,TR_4B_ASW_ITW,1696831,0,1,103
619,TR_4B_ASW_ITW,1699331,0,1,102
620,TR_4B_ASW_ITW,1701831,0,1,102
621,TR_4B_ASW_ITW,1704331,0,1,100
622,TR_4B_ASW_ITW,1707017,0,1,99
623,TR_4B_ASW_ITW,1709517,0,1,92
624,TR_4B_ASW_ITW,1712529,0,1,81
625,TR_4B_ASW_ITW,1715029,0,1,64
626,TR_4B_ASW_ITW,1717529,0,1,41
627,TR_4B_ASW_ITW,1720029,0,1,21
628,TR_4B_ASW_ITW,1722529,0,1,7
629,TR_4B_ASW_ITW,1725029,0,1,2
630,TR_4B_ASW_ITW,1727529,0,1,-2
631,TR_4B_ASW_ITW,1730029,0,1,-2
632,TR_4B_ASW_ITW,1732529,0,1,-7
633,TR_4B_ASW_ITW,1735029,0,1,-11
634,TR_4B_ASW_ITW,1737529,0,1,-19
635,TR_4B_ASW_ITW,1740029,0,1,-19
636,TR_4B_ASW_ITW,1742529,0,1,-18
637,TR_4B_ASW_ITW,1745029,0,1,-12
638,TR_4B_ASW_ITW,1747529,0,1,-9
639,TR_4B_ASW_ITW,1750029,0,1,-6
640,TR_4B_ASW_ITW,1752529,0,1,-3
641,TR_4B_ASW_ITW,1755029,0,1,-6
642,TR_4B_ASW_ITW,1757529,0,1,-7
643,TR_4B_ASW_ITW,1760029,0,1,-9
644,TR_4B_ASW_ITW,1762529,0,1,-7
645,TR_4B_ASW_ITW,1765029,0,1,-16
646,TR_4B_ASW_ITW,1767529,0,1,-39
647,TR_4B_ASW_ITW,1770029,0,1,-76
648,TR_4B_ASW_ITW,1772529,0,1,-117
649,TR_4B_ASW_ITW,1775029,0,1,-152
650,TR_4B_ASW_ITW,1777529,0,1,-176
651,TR_4B_ASW_ITW,1780029,0,1,-190
652,TR_4B_ASW_ITW,1782529,0,1,-192
653,TR_4B_ASW_ITW,1785029,0,1,-191
654,TR_4B_ASW_ITW,1787529,0,1,-197
655,TR_4B_ASW_ITW,1790029,0,1,-199
656,TR_4B_ASW_ITW,1792529,0,1,-203
657,TR_4B_ASW_ITW,1795029,0,1,-199
658,TR_4B_ASW_ITW,1797529,0,1,-196
659,TR_4B_ASW_ITW,1800029,0,1,-193
660,TR_4B_ASW_ITW,1802529,0,1,-187
661,TR_4B_ASW_ITW,1805029,0,1,-179
662,TR_4B_ASW_ITW,1807529,0,1,-174
663,TR_4B_ASW_ITW,1810029,0,1,-171
664,TR_4B_ASW_ITW,1812529,0,1,-179
665,TR_4B_ASW_ITW,1815029,0,1,-196
666,TR_4B_ASW_ITW,1817529,0,1,-207
667,TR_4B_ASW_ITW,1820029,0,1,-199
668,TR_4B_ASW_ITW,1822529,0,1,-164
669,TR_4B_ASW_ITW,1825029,0,1,-112
670,TR_4B_ASW_ITW,1827529,0,1,-74
671,TR_4B_ASW_ITW,1830029,0,1,-50
672,TR_4B_ASW_ITW,1832529,0,1,-44
673,TR_4B_ASW_ITW,1835029,0,1,-21
674,TR_4B_ASW_ITW,1837529,0,1,39
675,TR_4B_ASW_ITW,1840029,0,1,126
676,TR_4B_ASW_ITW,1842529,0,1,199
677,TR_4B_ASW_ITW,1844822,0,1,248
678,TR_4B_ASW_ITW,1847322,0,1,253
679,TR_4B_ASW_ITW,1849822,0,1,247
680,TR_4B_ASW_ITW,1852322,0,1,245
681,TR_4B_ASW_ITW,1854822,0,1,223
682,TR_4B_ASW_ITW,1857322,0,1,167
683,TR_4B_ASW_ITW,1859822,0,1,91
684,TR_4B_ASW_ITW,1862322,0,1,23
685,TR_4B_ASW_ITW,1864822,0,1,-6
686,TR_4B_ASW_ITW,1867322,0,1,-7
687,TR_4B_ASW_ITW,1869295,0,1,-3
688,TR_4B_ASW_ITW,1871795,0,1,-3
689,TR_4B_ASW_ITW,1874295,0,1,-10
690,TR_4B_ASW_ITW,1876795,0,1,-19
691,TR_4B_ASW_ITW,1879295,0,1,-16
693,TR_I_1615_ITW,0,0,1,243
694,TR_I_1615_ITW,6788,16,1,-3
695,TR_I_1617_ITW,0,0,1,248
696,TR_I_1617_ITW,2790,-103,1,243
697,TR_I_1637_VLN,0,0,1,99
698,TR_I_1637_VLN,2765,974,1,68
699,TR_I_1635_VLN,0,0,1,86
700,TR_I_1635_VLN,2765,-877,1,81
701,TR_I_1651_VLN,0,0,1,-15
702,TR_I_1651_VLN,2670,-4,1,-5
703,TR_I_1653_VLN,0,0,1,-13
704,TR_I_1653_VLN,2669,-8,1,-6
705,TR_S_1697_HDS,1412129,0,1,-19
706,TR_S_1697_HDS,1428538,0,1,-6
707,TR_I_1687_HDS,0,0,1,-4
708,TR_I_1687_HDS,4359,1559,1,-21
709,TR_I_1695_HDS,0,0,1,-16
710,TR_I_1695_HDS,3980,-1178,1,-6
711,TR_I_1719_HDS,0,0,1,-12
712,TR_I_1719_HDS,2671,-111,1,-20
713,TR_I_1721_HDS,0,0,1,-10
714,TR_I_1721_HDS,2670,1236,1,-10
715,TR_I_1775_ZD,0,0,1,37
716,TR_I_1775_ZD,2669,1034,1,31
717,TR_I_1773_ZD,0,0,1,27
718,TR_I_1773_ZD,2668,-968,1,39
720,TR_S_1921_ZD,972804,0,1,-12
721,TR_S_1915_ZD,927267,0,1,-8
724,TR_S_EOT_1529_ITW,1860477,0,1,-5
726,TR_I_1523_ITW,0,0,1,0
727,TR_I_1511_ITW,0,0,1,0
728,TR_I_1513_ITW,0,0,1,0
729,TR_S_ITW1_ITW,1851648,0,1,0
730,TR_S_ITW2_ITW,1862392,0,1,0
731,TR_S_ITW3_ITW,1858746,0,1,0
732,TR_3C_ITW_ITW,1875525,0,1,0
733,TR_S_1505_EOT_ITW,1884283,0,1,0
734,TR_S_1531_EOT_ITW,1878449,0,1,0
735,TR_S_1509_EOT_ITW,1886988,0,1,0
736,TR_S_EOT_1521_ITW,1857442,0,1,0
737,TR_I_1501_ITW,0,0,1,0
1001,TR_S_EOT_3207_ND,611840,602,100000,0
1002,TR_S_EOT_3213_ND,608956,3410,100000,0
1003,TR_S_EOT_3211_ND,610523,1839,100000,0
1004,TR_S_EOT_3205_ND,624736,517,100000,0
1005,TR_I_3201_ND,0,-600,100000,0
1006,TR_I_3203_ND,0,-600,100000,0
1007,TR_7A_ND_ZD,619136,994,100000,0
1008,TR_7A_ND_ZD,645489,0,200000,125
1009,TR_7A_ND_ZD,653888,0,200000,0
1010,TR_7A_ND_ZD,677935,0,400000,-100
1011,TR_7A_ND_ZD,693499,0,267000,0
1012,TR_7A_ND_ZD,722213,0,400000,100
1013,TR_7A_ND_ZD,732930,0,400000,-300
1014,TR_7A_ND_ZD,761966,0,500000,0
1015,TR_7A_ND_ZD,855000,0,200000,-325
1016,TR_7A_ND_ZD,865890,0,200000,0
1018,TR_7A_ND_ZD,912000,0,200000,-165
1019,TR_7A_ND_ZD,916000,0,200000,0
1020,TR_7A_ND_ZD,938060,0,200000,-100
1021,TR_7A_ND_ZD,945660,0,200000,-250
1022,TR_7A_ND_ZD,955660,0,200000,-390
1023,TR_7A_ND_ZD,972878,0,200000,0
1024,TR_7A_ND_ZD,988033,0,200000,387
1025,TR_7A_ND_ZD,996805,0,200000,0
1026,TR_7A_ND_ZD,1014430,0,100000,-250
1027,TR_7A_ND_ZD,1025612,0,100000,-375
1028,TR_7A_ND_ZD,1051332,0,300000,-26
1029,TR_7A_ND_ZD,1071500,0,500000,20
1030,TR_7A_ND_ZD,1097432,0,200000,360
1031,TR_7A_ND_ZD,1107500,0,200000,0
1032,TR_7A_ND_ZD,1126050,0,200000,-360
1033,TR_7A_ND_ZD,1156883,0,300000,20
1034,TR_7A_ND_ZD,1208648,0,100000,378
1036,TR_7A_ND_ZD,1218810,0,100000,60
1037,TR_7A_ND_ZD,1224300,0,400000,0
1038,TR_7A_ND_ZD,1242000,0,200000,-360
1039,TR_7A_ND_ZD,1256867,0,200000,-32
1040,TR_7A_ND_ZD,1266564,0,500000,20
1041,TR_7A_ND_ZD,1281824,0,300000,360
1042,TR_7A_ND_ZD,1297102,0,200000,0
1043,TR_7A_ND_ZD,1317302,0,200000,-360
1044,TR_7A_ND_ZD,1332580,0,300000,-42
1045,TR_7A_ND_ZD,1342410,0,500000,20
1046,TR_7A_ND_ZD,1362950,0,300000,360
1047,TR_7A_ND_ZD,1418511,0,200000,250
1048,TR_7A_ND_ZD,1434510,0,200000,0
1049,TR_7A_ND_ZD,1455900,0,200000,290
1050,TR_7A_ND_ZD,1466245,0,200000,0
1051,TR_7A_ND_ZD,1486217,0,200000,290
1052,TR_7A_ND_ZD,1502737,0,300000,320
1053,TR_7A_ND_ZD,1523392,0,300000,0
1054,TR_8_ND_ZD,624287,1017,100000,0
1055,TR_8_ND_ZD,639011,0,200000,172
1056,TR_8_ND_ZD,647281,0,430000,125
1057,TR_8_ND_ZD,653888,0,200000,0
1058,TR_8_ND_ZD,677905,0,100000,-100
1060,TR_8_ND_ZD,693404,0,267000,0
1061,TR_8_ND_ZD,733228,0,400000,-300
1062,TR_8_ND_ZD,762264,0,500000,0
1063,TR_8_ND_ZD,855000,0,200000,-324
1064,TR_8_ND_ZD,865890,0,200000,0
1066,TR_8_ND_ZD,912000,0,200000,-165
1067,TR_8_ND_ZD,916000,0,200000,0
1068,TR_8_ND_ZD,938060,0,200000,-100
1069,TR_8_ND_ZD,945660,0,200000,-250
1070,TR_8_ND_ZD,955660,0,200000,-390
1071,TR_8_ND_ZD,972878,0,200000,0
1072,TR_8_ND_ZD,988033,0,200000,387
1073,TR_8_ND_ZD,996805,0,200000,0
1074,TR_8_ND_ZD,1014430,0,200000,-250
1075,TR_8_ND_ZD,1025612,0,200000,-375
1076,TR_8_ND_ZD,1071502,0,500000,20
1077,TR_8_ND_ZD,1097432,0,200000,360
1078,TR_8_ND_ZD,1107500,0,200000,0
1079,TR_8_ND_ZD,1126050,0,200000,-360
1080,TR_8_ND_ZD,1156883,0,300000,20
1081,TR_8_ND_ZD,1208779,0,100000,378
1083,TR_8_ND_ZD,1218810,0,100000,60
1084,TR_8_ND_ZD,1224300,0,400000,0
1085,TR_8_ND_ZD,1242198,0,1000000,20
1086,TR_8_ND_ZD,1261068,0,200000,366
1087,TR_8_ND_ZD,1281824,0,200000,20
1088,TR_8_ND_ZD,1294636,0,1000000,0
1089,TR_8_ND_ZD,1324303,0,500000,-57
1090,TR_8_ND_ZD,1346637,0,600000,-20
1091,TR_8_ND_ZD,1364233,0,500000,20
1092,TR_8_ND_ZD,1399887,0,200000,360
1093,TR_8_ND_ZD,1418511,0,200000,250
1094,TR_8_ND_ZD,1434510,0,200000,0
1095,TR_8_ND_ZD,1454588,0,200000,285
1096,TR_8_ND_ZD,1465108,0,200000,0
1097,TR_8_ND_ZD,1485480,0,200000,285
1098,TR_8_ND_ZD,1501710,0,300000,320
1099,TR_8_ND_ZD,1522870,0,297600,0
1102,TR_I_3223_ND,0,0,100000,-100
1103,TR_I_3223_ND,10200,-74,100000,0
1104,TR_I_3225_ND,0,0,100000,0
1105,TR_I_3255_CSN,0,0,100000,0
1106,TR_I_3257_CSN,0,0,100000,0
1107,TR_S_EOT_3277_CSN,918512,417,100000,0
1108,TR_S_EOT_3277_CSN,938060,0,100000,-100
1109,TR_I_3273_CSN,0,0,100000,0
1110,TR_I_3273_CSN,3237,134,100000,-100
1111,TR_I_3309_CSN,0,0,100000,-250
1112,TR_I_3313_CSN,0,0,100000,-250
1113,TR_I_3421_VZG,0,0,100000,200
1114,TR_I_3421_VZG,4150,1188,100000,60
1115,TR_I_3423_VZG,0,0,100000,200
1116,TR_I_3423_VZG,4150,-1112,100000,60
1117,TR_I_3501_ZD,0,0,100000,250
1118,TR_I_3503_ZD,0,0,100000,250
1119,TR_I_3521_ZD,0,0,100000,0
1120,TR_I_3523_ZD,0,0,100000,0
1121,TR_7A_ND_ZD,1454200,9,200000,0
1122,TR_8_ND_ZD,1453160,-285,200000,0
1123,TR_8_ND_ZD,722213,0,400000,100
1124,TR_8_ND_ZD,1051332,0,300000,-26
2003,TR_2A_CS_GN,11366,-70,1,0
2004,TR_2A_CS_GN,12898,0,1,0
2005,TR_2A_CS_GN,15398,0,1,0
2006,TR_2A_CS_GN,17898,0,1,0
2007,TR_2A_CS_GN,20398,0,1,1
2008,TR_2A_CS_GN,24929,0,1,3
2009,TR_2A_CS_GN,27429,0,1,5
2010,TR_2A_CS_GN,29929,0,1,4
2011,TR_2A_CS_GN,32429,0,1,4
2012,TR_2A_CS_GN,34447,0,1,4
2013,TR_2A_CS_GN,36947,0,1,9
2014,TR_2A_CS_GN,83516,0,1,14
2015,TR_2A_CS_GN,86016,0,1,18
2016,TR_2A_CS_GN,88516,0,1,20
2017,TR_2A_CS_GN,91016,0,1,20
2018,TR_2A_CS_GN,93516,0,1,20
2019,TR_2A_CS_GN,96016,0,1,20
2020,TR_2A_CS_GN,98516,0,1,20
2021,TR_2A_CS_GN,101016,0,1,20
2022,TR_2A_CS_GN,103516,0,1,20
2023,TR_2A_CS_GN,106016,0,1,20
2024,TR_2A_CS_GN,108516,0,1,20
2025,TR_2A_CS_GN,111016,0,1,20
2026,TR_2A_CS_GN,113516,0,1,20
2027,TR_2A_CS_GN,116016,0,1,20
2028,TR_2A_CS_GN,118516,0,1,14
2029,TR_2A_CS_GN,121016,0,1,8
2030,TR_2A_CS_GN,123516,0,1,1
2031,TR_2A_CS_GN,126016,0,1,0
2032,TR_2A_CS_GN,128516,0,1,0
2033,TR_2A_CS_GN,131016,0,1,0
2034,TR_2A_CS_GN,133516,0,1,0
2035,TR_2A_CS_GN,136016,0,1,0
2036,TR_2A_CS_GN,138516,0,1,0
2037,TR_2A_CS_GN,141016,0,1,0
2038,TR_2A_CS_GN,143516,0,1,-2
2039,TR_2A_CS_GN,146016,0,1,-14
2040,TR_2A_CS_GN,148516,0,1,-26
2041,TR_2A_CS_GN,151016,0,1,-38
2042,TR_2A_CS_GN,153516,0,1,-39
2043,TR_2A_CS_GN,156016,0,1,-35
2044,TR_2A_CS_GN,158516,0,1,-29
2045,TR_2A_CS_GN,161016,0,1,-23
2046,TR_2A_CS_GN,163516,0,1,-17
2047,TR_2A_CS_GN,166016,0,1,-10
2048,TR_2A_CS_GN,168516,0,1,-4
2049,TR_2A_CS_GN,171016,0,1,0
2050,TR_2A_CS_GN,173516,0,1,0
2051,TR_2A_CS_GN,176016,0,1,0
2052,TR_2A_CS_GN,178516,0,1,0
2053,TR_2A_CS_GN,181016,0,1,0
2054,TR_2A_CS_GN,183516,0,1,0
2055,TR_2A_CS_GN,186016,0,1,0
2056,TR_2A_CS_GN,188516,0,1,0
2057,TR_2A_CS_GN,191016,0,1,0
2058,TR_2A_CS_GN,193516,0,1,0
2059,TR_2A_CS_GN,196016,0,1,0
2060,TR_2A_CS_GN,198516,0,1,0
2061,TR_2A_CS_GN,201016,0,1,-20
2062,TR_2A_CS_GN,203516,0,1,-20
2063,TR_2A_CS_GN,206016,0,1,-18
2064,TR_2A_CS_GN,208516,0,1,-12
2065,TR_2A_CS_GN,211016,0,1,-60
2066,TR_2A_CS_GN,213516,0,1,0
2067,TR_2A_CS_GN,216016,0,1,0
2068,TR_2A_CS_GN,218516,0,1,0
2069,TR_2A_CS_GN,221016,0,1,0
2070,TR_2A_CS_GN,223516,0,1,0
2071,TR_2A_CS_GN,226016,0,1,6
2072,TR_2A_CS_GN,228516,0,1,12
2073,TR_2A_CS_GN,231016,0,1,18
2074,TR_2A_CS_GN,233516,0,1,20
2075,TR_2A_CS_GN,236016,0,1,20
2076,TR_2A_CS_GN,238516,0,1,20
2077,TR_2A_CS_GN,241016,0,1,-20
2078,TR_2A_CS_GN,243516,0,1,-20
2079,TR_2A_CS_GN,246016,0,1,-20
2080,TR_2A_CS_GN,248516,0,1,-18
2081,TR_2A_CS_GN,251016,0,1,-12
2100,TR_2A_CS_GN,254015,0,1,20
2101,TR_2A_CS_GN,256515,0,1,20
2102,TR_2A_CS_GN,259015,0,1,20
2103,TR_2A_CS_GN,261515,0,1,20
2104,TR_2A_CS_GN,264015,0,1,20
2105,TR_2A_CS_GN,266515,0,1,20
2106,TR_2A_CS_GN,269015,0,1,20
2107,TR_2A_CS_GN,271515,0,1,20
2108,TR_2A_CS_GN,274015,0,1,14
2109,TR_2A_CS_GN,276515,0,1,6
2110,TR_2A_CS_GN,279015,0,1,-3
2111,TR_2A_CS_GN,281515,0,1,-8
2112,TR_2A_CS_GN,284015,0,1,-8
2113,TR_2A_CS_GN,286515,0,1,-8
2114,TR_2A_CS_GN,289015,0,1,-6
2115,TR_2A_CS_GN,291515,0,1,-4
2116,TR_2A_CS_GN,294015,0,1,-1
2117,TR_2A_CS_GN,296515,0,1,0
2118,TR_2A_CS_GN,299015,0,1,0
2119,TR_2A_CS_GN,301515,0,1,0
2120,TR_2A_CS_GN,304015,0,1,0
2121,TR_2A_CS_GN,306515,0,1,0
2122,TR_2A_CS_GN,309015,0,1,0
2123,TR_2A_CS_GN,311515,0,1,0
2124,TR_2A_CS_GN,314015,0,1,10
2125,TR_2A_CS_GN,316515,0,1,36
2126,TR_2A_CS_GN,319115,0,1,78
2127,TR_2A_CS_GN,321515,0,1,128
2128,TR_2A_CS_GN,324115,0,1,179
2129,TR_2A_CS_GN,326515,0,1,229
2130,TR_2A_CS_GN,329015,0,1,273
2131,TR_2A_CS_GN,331615,0,1,302
2132,TR_2A_CS_GN,334115,0,1,314
2133,TR_2A_CS_GN,336515,0,1,315
2134,TR_2A_CS_GN,339015,0,1,315
2135,TR_2A_CS_GN,341615,0,1,315
2136,TR_2A_CS_GN,344115,0,1,315
2137,TR_2A_CS_GN,346515,0,1,315
2138,TR_2A_CS_GN,349015,0,1,315
2139,TR_2A_CS_GN,351515,0,1,315
2140,TR_2A_CS_GN,354115,0,1,315
2141,TR_2A_CS_GN,356515,0,1,303
2142,TR_2A_CS_GN,359015,0,1,292
2143,TR_2A_CS_GN,361515,0,1,258
2144,TR_2A_CS_GN,364115,0,1,209
2145,TR_2A_CS_GN,366515,0,1,136
2146,TR_2A_CS_GN,369015,0,1,57
2147,TR_2A_CS_GN,371515,0,1,3
2148,TR_2A_CS_GN,374015,0,1,-23
2149,TR_2A_CS_GN,376515,0,1,-32
2150,TR_2A_CS_GN,380870,0,1,-32
2151,TR_2A_CS_GN,383370,0,1,-33
2152,TR_2A_CS_GN,385870,0,1,-24
2153,TR_2A_CS_GN,387342,0,1,-4
2154,TR_2A_CS_GN,389842,0,1,6
2155,TR_2A_CS_GN,392342,0,1,13
2156,TR_2A_CS_GN,394842,0,1,7
2157,TR_2A_CS_GN,397342,0,1,0
2158,TR_2A_CS_GN,399842,0,1,-4
2159,TR_2A_CS_GN,402342,0,1,-4
2160,TR_2A_CS_GN,404942,0,1,-4
2161,TR_2A_CS_GN,407342,0,1,-2
2162,TR_2A_CS_GN,409842,0,1,-1
2163,TR_2A_CS_GN,412342,0,1,5
2164,TR_2A_CS_GN,414942,0,1,5
2165,TR_2A_CS_GN,417342,0,1,3
2166,TR_2A_CS_GN,419842,0,1,-7
2167,TR_2A_CS_GN,422342,0,1,-9
2168,TR_2A_CS_GN,424842,0,1,-7
2169,TR_2A_CS_GN,427442,0,1,5
2170,TR_2A_CS_GN,429842,0,1,16
2171,TR_2A_CS_GN,432342,0,1,19
2172,TR_2A_CS_GN,434942,0,1,13
2173,TR_2A_CS_GN,437342,0,1,-1
2174,TR_2A_CS_GN,439588,0,1,-15
2175,TR_2A_CS_GN,442088,0,1,-20
2176,TR_2A_CS_GN,447900,0,1,-22
2177,TR_2A_CS_GN,450400,0,1,-19
2178,TR_2A_CS_GN,452900,0,1,-14
2179,TR_2A_CS_GN,455400,0,1,-4
2180,TR_2A_CS_GN,457900,0,1,7
2181,TR_2A_CS_GN,460400,0,1,12
2182,TR_2A_CS_GN,462900,0,1,13
2183,TR_2A_CS_GN,465400,0,1,13
2184,TR_2A_CS_GN,467900,0,1,10
2185,TR_2A_CS_GN,470400,0,1,11
2186,TR_2A_CS_GN,472900,0,1,14
2187,TR_2A_CS_GN,475400,0,1,16
2188,TR_2A_CS_GN,477900,0,1,15
2189,TR_2A_CS_GN,480400,0,1,7
2190,TR_2A_CS_GN,481600,0,1,3
2191,TR_2A_CS_GN,484100,0,1,7
2192,TR_2A_CS_GN,486600,0,1,7
2193,TR_2A_CS_GN,489100,0,1,10
2194,TR_2A_CS_GN,491600,0,1,7
2195,TR_2A_CS_GN,494100,0,1,6
2196,TR_2A_CS_GN,496600,0,1,5
2197,TR_2A_CS_GN,499100,0,1,4
2198,TR_2A_CS_GN,501600,0,1,5
2199,TR_2A_CS_GN,504100,0,1,8
2200,TR_2A_CS_GN,506600,0,1,11
2201,TR_2A_CS_GN,509100,0,1,14
2202,TR_2A_CS_GN,511600,0,1,16
2203,TR_2A_CS_GN,514100,0,1,21
2204,TR_2A_CS_GN,516600,0,1,30
2205,TR_2A_CS_GN,519100,0,1,42
2206,TR_2A_CS_GN,521600,0,1,51
2207,TR_2A_CS_GN,524100,0,1,56
2208,TR_2A_CS_GN,526600,0,1,59
2209,TR_2A_CS_GN,529100,0,1,60
2210,TR_2A_CS_GN,531600,0,1,61
2211,TR_2A_CS_GN,534100,0,1,59
2212,TR_2A_CS_GN,536600,0,1,57
2213,TR_2A_CS_GN,539100,0,1,50
2214,TR_2A_CS_GN,541600,0,1,38
2215,TR_2A_CS_GN,544100,0,1,24
2216,TR_2A_CS_GN,546600,0,1,14
2217,TR_2A_CS_GN,549100,0,1,9
2218,TR_2A_CS_GN,552300,0,1,6
2219,TR_2A_CS_GN,554800,0,1,1
2220,TR_2A_CS_GN,557300,0,1,2
2221,TR_2A_CS_GN,559800,0,1,3
2222,TR_2A_CS_GN,562300,0,1,5
2223,TR_2A_CS_GN,564800,0,1,8
2224,TR_2A_CS_GN,567300,0,1,5
2225,TR_2A_CS_GN,569800,0,1,3
2226,TR_2A_CS_GN,572300,0,1,-1
2227,TR_2A_CS_GN,574800,0,1,-1
2228,TR_2A_CS_GN,577300,0,1,-5
2229,TR_2A_CS_GN,579800,0,1,-7
2230,TR_2A_CS_GN,582300,0,1,-9
2231,TR_2A_CS_GN,584800,0,1,-7
2232,TR_2A_CS_GN,587300,0,1,-4
2233,TR_2A_CS_GN,589800,0,1,-5
2234,TR_2A_CS_GN,592300,0,1,-1
2235,TR_2A_CS_GN,589000,0,1,1
2236,TR_2A_CS_GN,591400,0,1,8
2237,TR_2A_CS_GN,594000,0,1,10
2238,TR_2A_CS_GN,596400,0,1,9
2239,TR_2A_CS_GN,599000,0,1,10
2240,TR_2A_CS_GN,601500,0,1,13
2241,TR_2A_CS_GN,604000,0,1,14
2242,TR_2A_CS_GN,606400,0,1,14
2243,TR_2A_CS_GN,608900,0,1,13
2244,TR_2A_CS_GN,611500,0,1,18
2245,TR_2A_CS_GN,629000,0,1,26
2246,TR_2A_CS_GN,631500,0,1,32
2247,TR_2A_CS_GN,634000,0,1,32
2248,TR_2A_CS_GN,636500,0,1,32
2249,TR_2A_CS_GN,639000,0,1,35
2250,TR_2A_CS_GN,629300,0,1,43
2251,TR_2A_CS_GN,631800,0,1,53
2252,TR_2A_CS_GN,634045,0,1,58
2253,TR_2A_CS_GN,636545,0,1,60
2254,TR_2A_CS_GN,639045,0,1,59
2255,TR_2A_CS_GN,641545,0,1,61
2256,TR_2A_CS_GN,644045,0,1,67
2257,TR_2A_CS_GN,646545,0,1,66
2258,TR_2A_CS_GN,649045,0,1,67
2259,TR_2A_CS_GN,651545,0,1,67
2260,TR_2A_CS_GN,654045,0,1,72
2261,TR_2A_CS_GN,656545,0,1,82
2262,TR_2A_CS_GN,659045,0,1,84
2263,TR_2A_CS_GN,661545,0,1,72
2264,TR_2A_CS_GN,664045,0,1,60
2265,TR_2A_CS_GN,666545,0,1,49
2266,TR_2A_CS_GN,669045,0,1,60
2267,TR_2A_CS_GN,671545,0,1,64
2268,TR_2A_CS_GN,674045,0,1,61
2269,TR_2A_CS_GN,676545,0,1,41
2270,TR_2A_CS_GN,679045,0,1,21
2271,TR_2A_CS_GN,681545,0,1,12
2272,TR_2A_CS_GN,684045,0,1,7
2273,TR_2A_CS_GN,686545,0,1,2
2274,TR_2A_CS_GN,689045,0,1,5
2275,TR_2A_CS_GN,691545,0,1,5
2276,TR_2A_CS_GN,694045,0,1,2
2277,TR_2A_CS_GN,696545,0,1,-16
2278,TR_2A_CS_GN,699045,0,1,-45
2279,TR_2A_CS_GN,701545,0,1,-74
2280,TR_2A_CS_GN,704045,0,1,-105
2281,TR_2A_CS_GN,706545,0,1,-129
2282,TR_2A_CS_GN,709045,0,1,-142
2283,TR_2A_CS_GN,711545,0,1,-137
2284,TR_2A_CS_GN,714045,0,1,-116
2285,TR_2A_CS_GN,716545,0,1,-94
2286,TR_2A_CS_GN,719045,0,1,-79
2287,TR_2A_CS_GN,721545,0,1,-77
2288,TR_2A_CS_GN,724045,0,1,-80
2289,TR_2A_CS_GN,726545,0,1,-80
2290,TR_2A_CS_GN,729045,0,1,-69
2291,TR_2A_CS_GN,731545,0,1,-46
2292,TR_2A_CS_GN,734045,0,1,-28
2293,TR_2A_CS_GN,736545,0,1,-10
2294,TR_2A_CS_GN,739045,0,1,1
2295,TR_2A_CS_GN,741545,0,1,12
2296,TR_2A_CS_GN,744045,0,1,18
2297,TR_2A_CS_GN,746545,0,1,12
2298,TR_2A_CS_GN,749045,0,1,6
2299,TR_2A_CS_GN,751545,0,1,-3
2300,TR_2A_CS_GN,754045,0,1,1
2301,TR_2A_CS_GN,756545,0,1,-5
2302,TR_2A_CS_GN,759045,0,1,-6
2303,TR_2A_CS_GN,761545,0,1,-2
2304,TR_2A_CS_GN,764045,0,1,-3
2305,TR_2A_CS_GN,766545,0,1,-24
2306,TR_2A_CS_GN,769045,0,1,-74
2307,TR_2A_CS_GN,771545,0,1,-106
2308,TR_2A_CS_GN,774045,0,1,-92
2309,TR_2A_CS_GN,776545,0,1,-55
2310,TR_2A_CS_GN,779045,0,1,-19
2311,TR_2A_CS_GN,781545,0,1,-8
2312,TR_2A_CS_GN,784045,0,1,7
2313,TR_2A_CS_GN,786545,0,1,11
2314,TR_2A_CS_GN,789045,0,1,10
2315,TR_2A_CS_GN,791545,0,1,6
2316,TR_2A_CS_GN,796231,0,1,6
2317,TR_2A_CS_GN,798731,0,1,7
2318,TR_2A_CS_GN,801231,0,1,10
2319,TR_2A_CS_GN,803731,0,1,8
2320,TR_2A_CS_GN,806231,0,1,11
2321,TR_2A_CS_GN,808731,0,1,11
2322,TR_2A_CS_GN,811231,0,1,13
2323,TR_2A_CS_GN,813731,0,1,11
2324,TR_2A_CS_GN,814230,0,1,7
2325,TR_2A_CS_GN,816730,0,1,8
2326,TR_2A_CS_GN,819230,0,1,8
2327,TR_2A_CS_GN,821730,0,1,10
2328,TR_2A_CS_GN,824230,0,1,11
2329,TR_2A_CS_GN,826730,0,1,11
2330,TR_2A_CS_GN,829330,0,1,11
2331,TR_2A_CS_GN,831730,0,1,9
2332,TR_2A_CS_GN,834230,0,1,9
2333,TR_2A_CS_GN,836830,0,1,8
2334,TR_2A_CS_GN,839230,0,1,7
2335,TR_2A_CS_GN,841730,0,1,2
2336,TR_2A_CS_GN,844230,0,1,0
2337,TR_2A_CS_GN,846730,0,1,0
2338,TR_2A_CS_GN,849330,0,1,-3
2339,TR_2A_CS_GN,851730,0,1,-8
2340,TR_2A_CS_GN,854330,0,1,-19
2341,TR_2A_CS_GN,856730,0,1,-38
2342,TR_2A_CS_GN,859230,0,1,-55
2343,TR_2A_CS_GN,861730,0,1,-75
2344,TR_2A_CS_GN,864230,0,1,-85
2345,TR_2A_CS_GN,866730,0,1,-87
2346,TR_2A_CS_GN,869230,0,1,-80
2347,TR_2A_CS_GN,871730,0,1,-65
2348,TR_2A_CS_GN,874330,0,1,-44
2349,TR_2A_CS_GN,876730,0,1,-29
2350,TR_2A_CS_GN,879230,0,1,-13
2351,TR_2A_CS_GN,881830,0,1,-10
2352,TR_2A_CS_GN,884330,0,1,-9
2353,TR_2A_CS_GN,886830,0,1,-1
2354,TR_2A_CS_GN,889330,0,1,5
2355,TR_2A_CS_GN,891730,0,1,20
2356,TR_2A_CS_GN,894230,0,1,16
2357,TR_2A_CS_GN,896830,0,1,13
2358,TR_2A_CS_GN,899330,0,1,9
2359,TR_2A_CS_GN,901730,0,1,8
2360,TR_2A_CS_GN,904230,0,1,18
2361,TR_2A_CS_GN,906730,0,1,11
2362,TR_2A_CS_GN,909352,0,1,13
2363,TR_2A_CS_GN,913103,0,1,6
2364,TR_2A_CS_GN,915603,0,1,11
2365,TR_2A_CS_GN,918003,0,1,8
2366,TR_2A_CS_GN,920503,0,1,10
2367,TR_2A_CS_GN,923003,0,1,9
2368,TR_2A_CS_GN,925503,0,1,17
2369,TR_2A_CS_GN,928003,0,1,28
2370,TR_2A_CS_GN,930603,0,1,41
2371,TR_2A_CS_GN,933003,0,1,52
2372,TR_2A_CS_GN,935503,0,1,58
2373,TR_2A_CS_GN,938003,0,1,59
2374,TR_2A_CS_GN,940503,0,1,53
2375,TR_2A_CS_GN,943103,0,1,48
2376,TR_2A_CS_GN,945503,0,1,32
2377,TR_2A_CS_GN,948103,0,1,20
2378,TR_2A_CS_GN,950503,0,1,3
2379,TR_2A_CS_GN,953003,0,1,-3
2380,TR_2A_CS_GN,955503,0,1,-4
2381,TR_2A_CS_GN,958103,0,1,4
2382,TR_2A_CS_GN,960603,0,1,6
2383,TR_2A_CS_GN,963003,0,1,2
2384,TR_2A_CS_GN,965603,0,1,4
2385,TR_2A_CS_GN,968003,0,1,0
2386,TR_2A_CS_GN,970244,0,1,8
2387,TR_2A_CS_GN,972744,0,1,6
2388,TR_2A_CS_GN,975244,0,1,6
2389,TR_2A_CS_GN,977744,0,1,6
2390,TR_2A_CS_GN,980244,0,1,8
2391,TR_2A_CS_GN,982744,0,1,9
2392,TR_2A_CS_GN,985244,0,1,12
2393,TR_2A_CS_GN,987744,0,1,12
2394,TR_2A_CS_GN,990244,0,1,12
2395,TR_2A_CS_GN,992744,0,1,8
2396,TR_2A_CS_GN,996081,0,1,10
2397,TR_2A_CS_GN,998581,0,1,14
2398,TR_2A_CS_GN,1001081,0,1,15
2399,TR_2A_CS_GN,1003581,0,1,24
2400,TR_2A_CS_GN,1006081,0,1,24
2401,TR_2A_CS_GN,1008581,0,1,20
2402,TR_2A_CS_GN,1011081,0,1,17
2403,TR_2A_CS_GN,1013581,0,1,18
2404,TR_2A_CS_GN,1016081,0,1,19
2405,TR_2A_CS_GN,1018581,0,1,-2
2406,TR_2A_CS_GN,1021081,0,1,-47
2407,TR_2A_CS_GN,1023581,0,1,-127
2408,TR_2A_CS_GN,1026081,0,1,-197
2409,TR_2A_CS_GN,1028581,0,1,-246
2410,TR_2A_CS_GN,1031081,0,1,-258
2411,TR_2A_CS_GN,1033581,0,1,-242
2412,TR_2A_CS_GN,1036081,0,1,-225
2413,TR_2A_CS_GN,1038581,0,1,-207
2414,TR_2A_CS_GN,1041081,0,1,-185
2415,TR_2A_CS_GN,1043581,0,1,-141
2416,TR_2A_CS_GN,1046081,0,1,-75
2417,TR_2A_CS_GN,1048581,0,1,15
2418,TR_2A_CS_GN,1051081,0,1,79
2419,TR_2A_CS_GN,1053581,0,1,123
2420,TR_2A_CS_GN,1056081,0,1,147
2421,TR_2A_CS_GN,1058581,0,1,158
2422,TR_2A_CS_GN,1061081,0,1,166
2423,TR_2A_CS_GN,1063581,0,1,168
2424,TR_2A_CS_GN,1066081,0,1,169
2425,TR_2A_CS_GN,1068581,0,1,172
2426,TR_2A_CS_GN,1071081,0,1,177
2427,TR_2A_CS_GN,1073581,0,1,186
2428,TR_2A_CS_GN,1076081,0,1,185
2429,TR_2A_CS_GN,1078581,0,1,172
2430,TR_2A_CS_GN,1081081,0,1,148
2431,TR_2A_CS_GN,1083581,0,1,127
2432,TR_2A_CS_GN,1086081,0,1,113
2433,TR_2A_CS_GN,1088581,0,1,112
2434,TR_2A_CS_GN,1091081,0,1,112
2435,TR_2A_CS_GN,1093581,0,1,110
2436,TR_2A_CS_GN,1096081,0,1,117
2437,TR_2A_CS_GN,1098581,0,1,120
2438,TR_2A_CS_GN,1101081,0,1,127
2439,TR_2A_CS_GN,1103581,0,1,112
2440,TR_2A_CS_GN,1106081,0,1,91
2441,TR_2A_CS_GN,1108581,0,1,62
2442,TR_2A_CS_GN,1111081,0,1,36
2443,TR_2A_CS_GN,1113581,0,1,21
2444,TR_2A_CS_GN,1116081,0,1,4
2445,TR_2A_CS_GN,1118581,0,1,3
2446,TR_2A_CS_GN,1121081,0,1,-4
2447,TR_2A_CS_GN,1123581,0,1,4
2448,TR_2A_CS_GN,1126081,0,1,7
2449,TR_2A_CS_GN,1128581,0,1,1
2450,TR_2A_CS_GN,1131081,0,1,-2
2451,TR_2A_CS_GN,1133581,0,1,1
2452,TR_2A_CS_GN,1136081,0,1,15
2453,TR_2A_CS_GN,1138581,0,1,15
2454,TR_2A_CS_GN,1141081,0,1,6
2455,TR_2A_CS_GN,1143581,0,1,-29
2456,TR_2A_CS_GN,1146081,0,1,-71
2457,TR_2A_CS_GN,1148581,0,1,-113
2458,TR_2A_CS_GN,1151081,0,1,-157
2459,TR_2A_CS_GN,1153581,0,1,-165
2460,TR_2A_CS_GN,1156081,0,1,-143
2461,TR_2A_CS_GN,1158581,0,1,-91
2462,TR_2A_CS_GN,1161081,0,1,-45
2463,TR_2A_CS_GN,1163581,0,1,-22
2464,TR_2A_CS_GN,1166081,0,1,-12
2465,TR_2A_CS_GN,1168581,0,1,-4
2466,TR_2A_CS_GN,1171081,0,1,3
2467,TR_2A_CS_GN,1173581,0,1,8
2468,TR_2A_CS_GN,1176081,0,1,8
2469,TR_2A_CS_GN,1178581,0,1,12
2470,TR_2A_CS_GN,1181081,0,1,13
2471,TR_2A_CS_GN,1183581,0,1,7
2472,TR_2A_CS_GN,1186081,0,1,0
2473,TR_2A_CS_GN,1188581,0,1,4
2474,TR_2A_CS_GN,1191081,0,1,23
2475,TR_2A_CS_GN,1192316,0,1,42
2476,TR_2A_CS_GN,1194816,0,1,57
2477,TR_2A_CS_GN,1196351,0,1,68
2478,TR_2A_CS_GN,1198851,0,1,66
2479,TR_2A_CS_GN,1201351,0,1,68
2480,TR_2A_CS_GN,1203851,0,1,69
2481,TR_2A_CS_GN,1206351,0,1,71
2482,TR_2A_CS_GN,1208851,0,1,63
2483,TR_2A_CS_GN,1211351,0,1,46
2484,TR_2A_CS_GN,1213851,0,1,28
2485,TR_2A_CS_GN,1216351,0,1,17
2486,TR_2A_CS_GN,1218851,0,1,10
2487,TR_2A_CS_GN,1222386,0,1,7
2488,TR_2A_CS_GN,1224886,0,1,5
2489,TR_2A_CS_GN,1227386,0,1,11
2490,TR_2A_CS_GN,1229886,0,1,12
2491,TR_2A_CS_GN,1232386,0,1,13
2492,TR_2A_CS_GN,1234886,0,1,6
2493,TR_2A_CS_GN,1237386,0,1,6
2494,TR_2A_CS_GN,1239886,0,1,7
2495,TR_2A_CS_GN,1242386,0,1,4
2496,TR_2A_CS_GN,1244886,0,1,10
2497,TR_2A_CS_GN,1247698,0,1,11
2498,TR_2A_CS_GN,1250198,0,1,11
2499,TR_2A_CS_GN,1253627,0,1,13
2500,TR_2A_CS_GN,1256127,0,1,10
2501,TR_2A_CS_GN,1258627,0,1,11
2502,TR_2A_CS_GN,1261127,0,1,11
2503,TR_2A_CS_GN,1263627,0,1,7
2504,TR_2A_CS_GN,1266127,0,1,7
2505,TR_2A_CS_GN,1268627,0,1,10
2506,TR_2A_CS_GN,1271127,0,1,12
2507,TR_2A_CS_GN,1273627,0,1,15
2510,TR_1A_CS_GN,11168,1,1,0
2511,TR_1A_CS_GN,13692,0,1,0
2512,TR_1A_CS_GN,16192,0,1,0
2513,TR_1A_CS_GN,18692,0,1,0
2514,TR_1A_CS_GN,21192,0,1,-6
2515,TR_1A_CS_GN,24575,0,1,-6
2516,TR_1A_CS_GN,27075,0,1,-6
2517,TR_1A_CS_GN,29575,0,1,-2
2518,TR_1A_CS_GN,32075,0,1,0
2519,TR_1A_CS_GN,34169,0,1,8
2520,TR_1A_CS_GN,36669,0,1,15
2521,TR_1A_CS_GN,83299,0,1,22
2522,TR_1A_CS_GN,85799,0,1,22
2523,TR_1A_CS_GN,88299,0,1,20
2524,TR_1A_CS_GN,90799,0,1,20
2525,TR_1A_CS_GN,93399,0,1,20
2526,TR_1A_CS_GN,95799,0,1,20
2527,TR_1A_CS_GN,98299,0,1,20
2528,TR_1A_CS_GN,100799,0,1,20
2529,TR_1A_CS_GN,103399,0,1,20
2530,TR_1A_CS_GN,105799,0,1,20
2531,TR_1A_CS_GN,108299,0,1,20
2532,TR_1A_CS_GN,110799,0,1,20
2533,TR_1A_CS_GN,113299,0,1,20
2534,TR_1A_CS_GN,115799,0,1,19
2535,TR_1A_CS_GN,118299,0,1,13
2536,TR_1A_CS_GN,120899,0,1,7
2537,TR_1A_CS_GN,123299,0,1,0
2538,TR_1A_CS_GN,125799,0,1,0
2539,TR_1A_CS_GN,128299,0,1,0
2540,TR_1A_CS_GN,130799,0,1,0
2541,TR_1A_CS_GN,133299,0,1,0
2542,TR_1A_CS_GN,135799,0,1,0
2543,TR_1A_CS_GN,138299,0,1,0
2544,TR_1A_CS_GN,140799,0,1,0
2545,TR_1A_CS_GN,143299,0,1,0
2546,TR_1A_CS_GN,145799,0,1,-12
2547,TR_1A_CS_GN,148299,0,1,-24
2548,TR_1A_CS_GN,150799,0,1,-36
2549,TR_1A_CS_GN,153299,0,1,-39
2550,TR_1A_CS_GN,155799,0,1,-36
2551,TR_1A_CS_GN,158299,0,1,-30
2552,TR_1A_CS_GN,160799,0,1,-24
2553,TR_1A_CS_GN,163299,0,1,-18
2554,TR_1A_CS_GN,165799,0,1,-12
2555,TR_1A_CS_GN,168299,0,1,-5
2556,TR_1A_CS_GN,170799,0,1,0
2557,TR_1A_CS_GN,173399,0,1,0
2558,TR_1A_CS_GN,175899,0,1,0
2559,TR_1A_CS_GN,178299,0,1,0
2560,TR_1A_CS_GN,180899,0,1,0
2561,TR_1A_CS_GN,183299,0,1,0
2562,TR_1A_CS_GN,185799,0,1,0
2563,TR_1A_CS_GN,188299,0,1,0
2564,TR_1A_CS_GN,190799,0,1,0
2565,TR_1A_CS_GN,193299,0,1,-20
2566,TR_1A_CS_GN,195799,0,1,-20
2567,TR_1A_CS_GN,198299,0,1,-20
2568,TR_1A_CS_GN,200799,0,1,-20
2569,TR_1A_CS_GN,203299,0,1,-20
2570,TR_1A_CS_GN,205799,0,1,-19
2571,TR_1A_CS_GN,208299,0,1,-12
2572,TR_1A_CS_GN,210799,0,1,-6
2573,TR_1A_CS_GN,213399,0,1,0
2574,TR_1A_CS_GN,215899,0,1,0
2575,TR_1A_CS_GN,218399,0,1,0
2576,TR_1A_CS_GN,220799,0,1,0
2577,TR_1A_CS_GN,223399,0,1,0
2578,TR_1A_CS_GN,225799,0,1,5
2579,TR_1A_CS_GN,228299,0,1,11
2580,TR_1A_CS_GN,230799,0,1,17
2581,TR_1A_CS_GN,233299,0,1,20
2582,TR_1A_CS_GN,235799,0,1,20
2600,TR_1A_CS_GN,237755,0,1,20
2601,TR_1A_CS_GN,240255,0,1,20
2602,TR_1A_CS_GN,242755,0,1,20
2603,TR_1A_CS_GN,245255,0,1,20
2604,TR_1A_CS_GN,246874,0,1,20
2605,TR_1A_CS_GN,249374,0,1,20
2606,TR_1A_CS_GN,251874,0,1,20
2607,TR_1A_CS_GN,254374,0,1,20
2608,TR_1A_CS_GN,256874,0,1,20
2609,TR_1A_CS_GN,259374,0,1,20
2610,TR_1A_CS_GN,261874,0,1,20
2611,TR_1A_CS_GN,264374,0,1,20
2612,TR_1A_CS_GN,266874,0,1,20
2613,TR_1A_CS_GN,269374,0,1,20
2614,TR_1A_CS_GN,271874,0,1,20
2615,TR_1A_CS_GN,274374,0,1,16
2616,TR_1A_CS_GN,276874,0,1,7
2617,TR_1A_CS_GN,279374,0,1,-1
2618,TR_1A_CS_GN,281874,0,1,-8
2619,TR_1A_CS_GN,284374,0,1,-8
2620,TR_1A_CS_GN,286874,0,1,-8
2621,TR_1A_CS_GN,289374,0,1,-7
2622,TR_1A_CS_GN,291874,0,1,-4
2623,TR_1A_CS_GN,294374,0,1,-2
2624,TR_1A_CS_GN,296874,0,1,0
2625,TR_1A_CS_GN,299374,0,1,0
2626,TR_1A_CS_GN,301874,0,1,0
2627,TR_1A_CS_GN,304374,0,1,0
2628,TR_1A_CS_GN,306874,0,1,0
2629,TR_1A_CS_GN,309374,0,1,0
2630,TR_1A_CS_GN,311874,0,1,0
2631,TR_1A_CS_GN,314374,0,1,8
2632,TR_1A_CS_GN,316874,0,1,31
2633,TR_1A_CS_GN,319474,0,1,70
2634,TR_1A_CS_GN,321874,0,1,120
2635,TR_1A_CS_GN,324374,0,1,171
2636,TR_1A_CS_GN,326974,0,1,222
2637,TR_1A_CS_GN,329374,0,1,268
2638,TR_1A_CS_GN,331874,0,1,298
2639,TR_1A_CS_GN,334374,0,1,313
2640,TR_1A_CS_GN,336874,0,1,315
2641,TR_1A_CS_GN,339374,0,1,315
2642,TR_1A_CS_GN,341874,0,1,315
2643,TR_1A_CS_GN,344474,0,1,315
2644,TR_1A_CS_GN,346874,0,1,315
2645,TR_1A_CS_GN,349474,0,1,315
2646,TR_1A_CS_GN,351874,0,1,315
2647,TR_1A_CS_GN,354374,0,1,315
2648,TR_1A_CS_GN,356874,0,1,315
2649,TR_1A_CS_GN,359374,0,1,274
2650,TR_1A_CS_GN,361874,0,1,200
2651,TR_1A_CS_GN,364374,0,1,126
2652,TR_1A_CS_GN,366874,0,1,73
2653,TR_1A_CS_GN,369374,0,1,73
2654,TR_1A_CS_GN,371874,0,1,71
2655,TR_1A_CS_GN,374374,0,1,37
2656,TR_1A_CS_GN,376874,0,1,7
2657,TR_1A_CS_GN,380975,0,1,-32
2658,TR_1A_CS_GN,383475,0,1,-40
2659,TR_1A_CS_GN,385975,0,1,-43
2660,TR_1A_CS_GN,387449,0,1,-33
2661,TR_1A_CS_GN,389949,0,1,-24
2662,TR_1A_CS_GN,392449,0,1,-18
2663,TR_1A_CS_GN,394949,0,1,-11
2664,TR_1A_CS_GN,397449,0,1,-9
2665,TR_1A_CS_GN,399949,0,1,-9
2666,TR_1A_CS_GN,402449,0,1,-11
2667,TR_1A_CS_GN,404949,0,1,-15
2668,TR_1A_CS_GN,407449,0,1,-15
2669,TR_1A_CS_GN,409949,0,1,-16
2670,TR_1A_CS_GN,412449,0,1,-13
2671,TR_1A_CS_GN,414949,0,1,-22
2672,TR_1A_CS_GN,417449,0,1,-31
2673,TR_1A_CS_GN,419949,0,1,-39
2674,TR_1A_CS_GN,422449,0,1,-24
2675,TR_1A_CS_GN,424949,0,1,10
2676,TR_1A_CS_GN,427449,0,1,39
2677,TR_1A_CS_GN,429949,0,1,45
2678,TR_1A_CS_GN,432449,0,1,27
2679,TR_1A_CS_GN,434949,0,1,6
2680,TR_1A_CS_GN,437449,0,1,-6
2681,TR_1A_CS_GN,440715,0,1,-17
2682,TR_1A_CS_GN,443315,0,1,-29
2683,TR_1A_CS_GN,445179,0,1,-34
2684,TR_1A_CS_GN,447679,0,1,-39
2685,TR_1A_CS_GN,450179,0,1,-42
2686,TR_1A_CS_GN,452679,0,1,-49
2687,TR_1A_CS_GN,455179,0,1,-44
2688,TR_1A_CS_GN,457679,0,1,-29
2689,TR_1A_CS_GN,460179,0,1,-13
2690,TR_1A_CS_GN,462679,0,1,-6
2691,TR_1A_CS_GN,465179,0,1,-9
2692,TR_1A_CS_GN,467679,0,1,-13
2693,TR_1A_CS_GN,470179,0,1,-14
2694,TR_1A_CS_GN,472679,0,1,-19
2695,TR_1A_CS_GN,475179,0,1,-19
2696,TR_1A_CS_GN,477679,0,1,-16
2697,TR_1A_CS_GN,480800,0,1,-12
2698,TR_1A_CS_GN,483300,0,1,-3
2699,TR_1A_CS_GN,485800,0,1,2
2700,TR_1A_CS_GN,488400,0,1,6
2701,TR_1A_CS_GN,490900,0,1,10
2702,TR_1A_CS_GN,493300,0,1,13
2703,TR_1A_CS_GN,495800,0,1,30
2704,TR_1A_CS_GN,498300,0,1,47
2705,TR_1A_CS_GN,500800,0,1,67
2706,TR_1A_CS_GN,503300,0,1,72
2707,TR_1A_CS_GN,505800,0,1,71
2708,TR_1A_CS_GN,508400,0,1,65
2709,TR_1A_CS_GN,510800,0,1,62
2710,TR_1A_CS_GN,513300,0,1,47
2711,TR_1A_CS_GN,515800,0,1,26
2712,TR_1A_CS_GN,518300,0,1,1
2713,TR_1A_CS_GN,520800,0,1,-8
2714,TR_1A_CS_GN,523300,0,1,-10
2715,TR_1A_CS_GN,525800,0,1,-10
2716,TR_1A_CS_GN,528300,0,1,-11
2717,TR_1A_CS_GN,530800,0,1,-10
2718,TR_1A_CS_GN,533300,0,1,-9
2719,TR_1A_CS_GN,535800,0,1,-8
2720,TR_1A_CS_GN,538300,0,1,-7
2721,TR_1A_CS_GN,540800,0,1,-6
2722,TR_1A_CS_GN,543300,0,1,-3
2723,TR_1A_CS_GN,545800,0,1,-1
2724,TR_1A_CS_GN,548300,0,1,4
2725,TR_1A_CS_GN,552300,0,1,6
2726,TR_1A_CS_GN,554800,0,1,7
2727,TR_1A_CS_GN,557300,0,1,1
2728,TR_1A_CS_GN,559800,0,1,1
2729,TR_1A_CS_GN,562300,0,1,1
2730,TR_1A_CS_GN,564800,0,1,3
2731,TR_1A_CS_GN,567300,0,1,4
2732,TR_1A_CS_GN,569800,0,1,7
2733,TR_1A_CS_GN,572300,0,1,7
2734,TR_1A_CS_GN,574800,0,1,9
2735,TR_1A_CS_GN,577300,0,1,5
2736,TR_1A_CS_GN,579800,0,1,4
2737,TR_1A_CS_GN,582300,0,1,6
2738,TR_1A_CS_GN,584800,0,1,11
2739,TR_1A_CS_GN,587300,0,1,14
2740,TR_1A_CS_GN,589800,0,1,12
2741,TR_1A_CS_GN,592300,0,1,8
2742,TR_1A_CS_GN,589000,0,1,6
2743,TR_1A_CS_GN,591500,0,1,7
2744,TR_1A_CS_GN,594000,0,1,8
2745,TR_1A_CS_GN,596500,0,1,9
2746,TR_1A_CS_GN,599000,0,1,10
2747,TR_1A_CS_GN,601500,0,1,13
2748,TR_1A_CS_GN,604000,0,1,17
2749,TR_1A_CS_GN,606500,0,1,18
2750,TR_1A_CS_GN,609000,0,1,16
2751,TR_1A_CS_GN,611500,0,1,10
2752,TR_1A_CS_GN,619600,0,1,9
2753,TR_1A_CS_GN,622100,0,1,6
2754,TR_1A_CS_GN,624600,0,1,8
2755,TR_1A_CS_GN,627100,0,1,12
2756,TR_1A_CS_GN,629600,0,1,21
2757,TR_1A_CS_GN,629000,0,1,36
2758,TR_1A_CS_GN,631500,0,1,48
2759,TR_1A_CS_GN,634111,0,1,58
2760,TR_1A_CS_GN,636511,0,1,60
2761,TR_1A_CS_GN,639111,0,1,59
2762,TR_1A_CS_GN,641611,0,1,60
2763,TR_1A_CS_GN,644011,0,1,59
2764,TR_1A_CS_GN,646611,0,1,61
2765,TR_1A_CS_GN,649111,0,1,61
2766,TR_1A_CS_GN,651511,0,1,64
2767,TR_1A_CS_GN,654011,0,1,67
2768,TR_1A_CS_GN,656511,0,1,70
2769,TR_1A_CS_GN,659111,0,1,84
2770,TR_1A_CS_GN,661611,0,1,103
2771,TR_1A_CS_GN,664111,0,1,121
2772,TR_1A_CS_GN,666611,0,1,123
2773,TR_1A_CS_GN,669111,0,1,103
2774,TR_1A_CS_GN,671611,0,1,67
2775,TR_1A_CS_GN,674111,0,1,31
2776,TR_1A_CS_GN,676611,0,1,12
2777,TR_1A_CS_GN,679111,0,1,11
2778,TR_1A_CS_GN,681611,0,1,11
2779,TR_1A_CS_GN,684011,0,1,13
2780,TR_1A_CS_GN,686511,0,1,8
2781,TR_1A_CS_GN,689011,0,1,-3
2782,TR_1A_CS_GN,691611,0,1,-7
2783,TR_1A_CS_GN,694011,0,1,-5
2784,TR_1A_CS_GN,696611,0,1,-3
2785,TR_1A_CS_GN,699111,0,1,-11
2786,TR_1A_CS_GN,701611,0,1,-32
2787,TR_1A_CS_GN,704111,0,1,-60
2788,TR_1A_CS_GN,706511,0,1,-94
2789,TR_1A_CS_GN,709111,0,1,-126
2790,TR_1A_CS_GN,711611,0,1,-145
2791,TR_1A_CS_GN,714111,0,1,-141
2792,TR_1A_CS_GN,716611,0,1,-116
2793,TR_1A_CS_GN,719111,0,1,-90
2794,TR_1A_CS_GN,721511,0,1,-71
2795,TR_1A_CS_GN,724111,0,1,-69
2796,TR_1A_CS_GN,726611,0,1,-72
2797,TR_1A_CS_GN,729111,0,1,-74
2798,TR_1A_CS_GN,731611,0,1,-71
2799,TR_1A_CS_GN,734111,0,1,-53
2800,TR_1A_CS_GN,736611,0,1,-31
2801,TR_1A_CS_GN,739111,0,1,-9
2802,TR_1A_CS_GN,741511,0,1,6
2803,TR_1A_CS_GN,744111,0,1,7
2804,TR_1A_CS_GN,746511,0,1,15
2805,TR_1A_CS_GN,749011,0,1,10
2806,TR_1A_CS_GN,751611,0,1,7
2807,TR_1A_CS_GN,754111,0,1,1
2808,TR_1A_CS_GN,756511,0,1,8
2809,TR_1A_CS_GN,759111,0,1,12
2810,TR_1A_CS_GN,761611,0,1,12
2811,TR_1A_CS_GN,764111,0,1,10
2812,TR_1A_CS_GN,766511,0,1,-3
2813,TR_1A_CS_GN,769111,0,1,-15
2814,TR_1A_CS_GN,771611,0,1,-37
2815,TR_1A_CS_GN,774111,0,1,-47
2816,TR_1A_CS_GN,776611,0,1,-56
2817,TR_1A_CS_GN,779011,0,1,-49
2818,TR_1A_CS_GN,781611,0,1,-34
2819,TR_1A_CS_GN,784111,0,1,-17
2820,TR_1A_CS_GN,786511,0,1,-4
2821,TR_1A_CS_GN,789011,0,1,-2
2822,TR_1A_CS_GN,791511,0,1,-5
2823,TR_1A_CS_GN,794011,0,1,-2
2824,TR_1A_CS_GN,798536,0,1,3
2825,TR_1A_CS_GN,801036,0,1,4
2826,TR_1A_CS_GN,803536,0,1,5
2827,TR_1A_CS_GN,806036,0,1,-3
2828,TR_1A_CS_GN,808536,0,1,0
2829,TR_1A_CS_GN,811036,0,1,1
2830,TR_1A_CS_GN,813536,0,1,11
2831,TR_1A_CS_GN,814391,0,1,11
2832,TR_1A_CS_GN,816891,0,1,10
2833,TR_1A_CS_GN,819391,0,1,7
2834,TR_1A_CS_GN,821891,0,1,2
2835,TR_1A_CS_GN,824391,0,1,2
2836,TR_1A_CS_GN,826891,0,1,2
2837,TR_1A_CS_GN,829391,0,1,3
2838,TR_1A_CS_GN,831891,0,1,2
2839,TR_1A_CS_GN,834391,0,1,1
2840,TR_1A_CS_GN,836891,0,1,2
2841,TR_1A_CS_GN,839391,0,1,5
2842,TR_1A_CS_GN,841891,0,1,7
2843,TR_1A_CS_GN,844391,0,1,5
2844,TR_1A_CS_GN,846891,0,1,0
2845,TR_1A_CS_GN,849391,0,1,2
2846,TR_1A_CS_GN,851891,0,1,3
2847,TR_1A_CS_GN,854391,0,1,3
2848,TR_1A_CS_GN,856891,0,1,-8
2849,TR_1A_CS_GN,859391,0,1,-23
2850,TR_1A_CS_GN,861891,0,1,-39
2851,TR_1A_CS_GN,864391,0,1,-63
2852,TR_1A_CS_GN,866891,0,1,-77
2853,TR_1A_CS_GN,869391,0,1,-81
2854,TR_1A_CS_GN,871891,0,1,-74
2855,TR_1A_CS_GN,874391,0,1,-64
2856,TR_1A_CS_GN,876891,0,1,-52
2857,TR_1A_CS_GN,879391,0,1,-34
2858,TR_1A_CS_GN,881891,0,1,-24
2859,TR_1A_CS_GN,884391,0,1,-17
2860,TR_1A_CS_GN,886891,0,1,-23
2861,TR_1A_CS_GN,889391,0,1,-4
2862,TR_1A_CS_GN,891891,0,1,2
2863,TR_1A_CS_GN,894391,0,1,20
2864,TR_1A_CS_GN,896891,0,1,17
2865,TR_1A_CS_GN,899391,0,1,8
2866,TR_1A_CS_GN,901891,0,1,4
2867,TR_1A_CS_GN,904391,0,1,2
2868,TR_1A_CS_GN,906891,0,1,15
2869,TR_1A_CS_GN,910120,0,1,8
2870,TR_1A_CS_GN,912620,0,1,6
2871,TR_1A_CS_GN,913871,0,1,-4
2872,TR_1A_CS_GN,916371,0,1,1
2873,TR_1A_CS_GN,918871,0,1,1
2874,TR_1A_CS_GN,921371,0,1,-1
2875,TR_1A_CS_GN,923871,0,1,-2
2876,TR_1A_CS_GN,926371,0,1,6
2877,TR_1A_CS_GN,928871,0,1,20
2878,TR_1A_CS_GN,931371,0,1,35
2879,TR_1A_CS_GN,933871,0,1,49
2880,TR_1A_CS_GN,936371,0,1,56
2881,TR_1A_CS_GN,938871,0,1,59
2882,TR_1A_CS_GN,941371,0,1,58
2883,TR_1A_CS_GN,943871,0,1,52
2884,TR_1A_CS_GN,946371,0,1,41
2885,TR_1A_CS_GN,948871,0,1,31
2886,TR_1A_CS_GN,951371,0,1,17
2887,TR_1A_CS_GN,953871,0,1,9
2888,TR_1A_CS_GN,956371,0,1,3
2889,TR_1A_CS_GN,958871,0,1,5
2890,TR_1A_CS_GN,961371,0,1,11
2891,TR_1A_CS_GN,963871,0,1,7
2892,TR_1A_CS_GN,966371,0,1,5
2893,TR_1A_CS_GN,968871,0,1,-3
2894,TR_1A_CS_GN,971371,0,1,0
2895,TR_1A_CS_GN,973871,0,1,1
2896,TR_1A_CS_GN,976371,0,1,5
2897,TR_1A_CS_GN,978871,0,1,4
2898,TR_1A_CS_GN,983475,0,1,5
2899,TR_1A_CS_GN,984219,0,1,-1
2900,TR_1A_CS_GN,986719,0,1,0
2901,TR_1A_CS_GN,989219,0,1,0
2902,TR_1A_CS_GN,991619,0,1,0
2903,TR_1A_CS_GN,994219,0,1,5
2904,TR_1A_CS_GN,996719,0,1,6
2905,TR_1A_CS_GN,999219,0,1,16
2906,TR_1A_CS_GN,1001719,0,1,12
2907,TR_1A_CS_GN,1004219,0,1,20
2908,TR_1A_CS_GN,1006719,0,1,19
2909,TR_1A_CS_GN,1009219,0,1,13
2910,TR_1A_CS_GN,1011719,0,1,8
2911,TR_1A_CS_GN,1014219,0,1,2
2912,TR_1A_CS_GN,1016719,0,1,4
2913,TR_1A_CS_GN,1019219,0,1,-14
2914,TR_1A_CS_GN,1021619,0,1,-47
2915,TR_1A_CS_GN,1024219,0,1,-113
2916,TR_1A_CS_GN,1026719,0,1,-169
2917,TR_1A_CS_GN,1029219,0,1,-214
2918,TR_1A_CS_GN,1031619,0,1,-231
2919,TR_1A_CS_GN,1034219,0,1,-226
2920,TR_1A_CS_GN,1036719,0,1,-213
2921,TR_1A_CS_GN,1039219,0,1,-195
2922,TR_1A_CS_GN,1041719,0,1,-180
2923,TR_1A_CS_GN,1044219,0,1,-149
2924,TR_1A_CS_GN,1046719,0,1,-96
2925,TR_1A_CS_GN,1049219,0,1,-20
2926,TR_1A_CS_GN,1051719,0,1,53
2927,TR_1A_CS_GN,1054219,0,1,91
2928,TR_1A_CS_GN,1056719,0,1,118
2929,TR_1A_CS_GN,1059219,0,1,126
2930,TR_1A_CS_GN,1061719,0,1,144
2931,TR_1A_CS_GN,1064219,0,1,148
2932,TR_1A_CS_GN,1066719,0,1,142
2933,TR_1A_CS_GN,1069219,0,1,140
2934,TR_1A_CS_GN,1071719,0,1,137
2935,TR_1A_CS_GN,1074219,0,1,137
2936,TR_1A_CS_GN,1076719,0,1,133
2937,TR_1A_CS_GN,1079219,0,1,124
2938,TR_1A_CS_GN,1081719,0,1,113
2939,TR_1A_CS_GN,1084119,0,1,106
2940,TR_1A_CS_GN,1086719,0,1,103
2941,TR_1A_CS_GN,1089219,0,1,102
2942,TR_1A_CS_GN,1091719,0,1,104
2943,TR_1A_CS_GN,1094219,0,1,99
2944,TR_1A_CS_GN,1096719,0,1,100
2945,TR_1A_CS_GN,1099119,0,1,99
2946,TR_1A_CS_GN,1101719,0,1,100
2947,TR_1A_CS_GN,1104219,0,1,103
2948,TR_1A_CS_GN,1106619,0,1,100
2949,TR_1A_CS_GN,1109219,0,1,89
2950,TR_1A_CS_GN,1111719,0,1,64
2951,TR_1A_CS_GN,1114219,0,1,39
2952,TR_1A_CS_GN,1116719,0,1,14
2953,TR_1A_CS_GN,1119219,0,1,3
2954,TR_1A_CS_GN,1121719,0,1,0
2955,TR_1A_CS_GN,1124219,0,1,1
2956,TR_1A_CS_GN,1126719,0,1,11
2957,TR_1A_CS_GN,1129219,0,1,5
2958,TR_1A_CS_GN,1131719,0,1,3
2959,TR_1A_CS_GN,1134219,0,1,0
2960,TR_1A_CS_GN,1136719,0,1,10
2961,TR_1A_CS_GN,1139219,0,1,16
2962,TR_1A_CS_GN,1141719,0,1,16
2963,TR_1A_CS_GN,1144119,0,1,2
2964,TR_1A_CS_GN,1146719,0,1,-28
2965,TR_1A_CS_GN,1149219,0,1,-74
2966,TR_1A_CS_GN,1151719,0,1,-127
2967,TR_1A_CS_GN,1154219,0,1,-159
2968,TR_1A_CS_GN,1156719,0,1,-148
2969,TR_1A_CS_GN,1159219,0,1,-108
2970,TR_1A_CS_GN,1161719,0,1,-53
2971,TR_1A_CS_GN,1164219,0,1,-23
2972,TR_1A_CS_GN,1166719,0,1,-9
2973,TR_1A_CS_GN,1169219,0,1,-4
2974,TR_1A_CS_GN,1171719,0,1,3
2975,TR_1A_CS_GN,1174119,0,1,5
2976,TR_1A_CS_GN,1176719,0,1,6
2977,TR_1A_CS_GN,1179219,0,1,14
2978,TR_1A_CS_GN,1181719,0,1,19
2979,TR_1A_CS_GN,1184219,0,1,17
2980,TR_1A_CS_GN,1186719,0,1,12
2981,TR_1A_CS_GN,1189219,0,1,11
2982,TR_1A_CS_GN,1193417,0,1,27
2983,TR_1A_CS_GN,1195917,0,1,45
2984,TR_1A_CS_GN,1198417,0,1,63
2985,TR_1A_CS_GN,1200917,0,1,74
2986,TR_1A_CS_GN,1203021,0,1,76
2987,TR_1A_CS_GN,1205521,0,1,72
2988,TR_1A_CS_GN,1207794,0,1,72
2989,TR_1A_CS_GN,1210294,0,1,63
2990,TR_1A_CS_GN,1212794,0,1,62
2991,TR_1A_CS_GN,1215394,0,1,42
2992,TR_1A_CS_GN,1217894,0,1,23
2993,TR_1A_CS_GN,1220394,0,1,10
2994,TR_1A_CS_GN,1222794,0,1,3
2995,TR_1A_CS_GN,1225394,0,1,5
2996,TR_1A_CS_GN,1227894,0,1,5
2997,TR_1A_CS_GN,1230294,0,1,11
2998,TR_1A_CS_GN,1232794,0,1,12
2999,TR_1A_CS_GN,1235394,0,1,13
3000,TR_1A_CS_GN,1237794,0,1,8
3001,TR_1A_CS_GN,1240294,0,1,1
3002,TR_1A_CS_GN,1242794,0,1,1
3003,TR_1A_CS_GN,1245394,0,1,1
3004,TR_1A_CS_GN,1247794,0,1,7
3005,TR_1A_CS_GN,1248806,0,1,18
3006,TR_1A_CS_GN,1251306,0,1,11
3007,TR_6D_MDW_DMZ,26613,38,1,3
3008,TR_6D_MDW_DMZ,50100,0,1,10
3009,TR_6D_MDW_DMZ,52816,0,1,6
3010,TR_6D_MDW_DMZ,55316,0,1,3
3011,TR_6D_MDW_DMZ,57816,0,1,-1
3012,TR_6D_MDW_DMZ,60316,0,1,-24
3013,TR_6D_MDW_DMZ,62816,0,1,-59
3014,TR_6D_MDW_DMZ,65316,0,1,-120
3015,TR_6D_MDW_DMZ,67816,0,1,-174
3016,TR_6D_MDW_DMZ,70416,0,1,-225
3017,TR_6D_MDW_DMZ,72816,0,1,-251
3018,TR_6D_MDW_DMZ,75316,0,1,-261
3019,TR_6D_MDW_DMZ,77816,0,1,-254
3020,TR_6D_MDW_DMZ,80316,0,1,-235
3021,TR_6D_MDW_DMZ,82816,0,1,-208
3022,TR_6D_MDW_DMZ,85316,0,1,-188
3023,TR_6D_MDW_DMZ,87916,0,1,-185
3024,TR_6D_MDW_DMZ,90316,0,1,-179
3025,TR_6D_MDW_DMZ,92816,0,1,-157
3026,TR_6D_MDW_DMZ,95316,0,1,-102
3027,TR_6D_MDW_DMZ,97816,0,1,-35
3028,TR_6D_MDW_DMZ,100316,0,1,27
3029,TR_6D_MDW_DMZ,102816,0,1,73
3030,TR_6D_MDW_DMZ,105416,0,1,105
3031,TR_6D_MDW_DMZ,107816,0,1,141
3032,TR_6D_MDW_DMZ,110416,0,1,199
3033,TR_6D_MDW_DMZ,112816,0,1,261
3034,TR_6D_MDW_DMZ,115416,0,1,314
3035,TR_6D_MDW_DMZ,117816,0,1,339
3036,TR_6D_MDW_DMZ,120416,0,1,325
3037,TR_6D_MDW_DMZ,122816,0,1,307
3038,TR_6D_MDW_DMZ,125316,0,1,297
3039,TR_6D_MDW_DMZ,127816,0,1,296
3040,TR_6D_MDW_DMZ,130316,0,1,283
3041,TR_6D_MDW_DMZ,132816,0,1,247
3042,TR_6D_MDW_DMZ,135316,0,1,181
3043,TR_6D_MDW_DMZ,137816,0,1,108
3044,TR_6D_MDW_DMZ,140316,0,1,47
3045,TR_6D_MDW_DMZ,142816,0,1,2
3046,TR_6D_MDW_DMZ,145316,0,1,-40
3047,TR_6D_MDW_DMZ,147816,0,1,-84
3048,TR_6D_MDW_DMZ,150316,0,1,-118
3049,TR_6D_MDW_DMZ,152816,0,1,-138
3050,TR_6D_MDW_DMZ,155316,0,1,-141
3051,TR_6D_MDW_DMZ,157816,0,1,-122
3052,TR_6D_MDW_DMZ,160316,0,1,-86
3053,TR_6D_MDW_DMZ,162816,0,1,-42
3054,TR_6D_MDW_DMZ,165316,0,1,-21
3055,TR_6D_MDW_DMZ,167816,0,1,-13
3056,TR_6D_MDW_DMZ,170316,0,1,-10
3057,TR_6D_MDW_DMZ,172816,0,1,-7
3058,TR_6D_MDW_DMZ,175316,0,1,-4
3059,TR_6D_MDW_DMZ,177816,0,1,5
3060,TR_6D_MDW_DMZ,180316,0,1,31
3061,TR_6D_MDW_DMZ,182816,0,1,73
3062,TR_6D_MDW_DMZ,185316,0,1,122
3063,TR_6D_MDW_DMZ,187916,0,1,153
3064,TR_6D_MDW_DMZ,190316,0,1,168
3065,TR_6D_MDW_DMZ,192816,0,1,164
3066,TR_6D_MDW_DMZ,195316,0,1,147
3067,TR_6D_MDW_DMZ,197816,0,1,114
3068,TR_6D_MDW_DMZ,200316,0,1,69
3069,TR_6D_MDW_DMZ,202816,0,1,31
3070,TR_6D_MDW_DMZ,205316,0,1,8
3071,TR_6D_MDW_DMZ,207816,0,1,3
3072,TR_6D_MDW_DMZ,210416,0,1,9
3073,TR_6D_MDW_DMZ,212816,0,1,15
3074,TR_6D_MDW_DMZ,215316,0,1,17
3075,TR_6D_MDW_DMZ,217933,0,1,11
3076,TR_6D_MDW_DMZ,219052,0,1,0
3077,TR_6D_MDW_DMZ,221552,0,1,-10
3078,TR_6D_MDW_DMZ,224052,0,1,-13
3079,TR_6D_MDW_DMZ,226552,0,1,-13
3080,TR_6D_MDW_DMZ,229052,0,1,-8
3081,TR_6D_MDW_DMZ,231552,0,1,-7
3082,TR_6D_MDW_DMZ,234052,0,1,-3
3083,TR_6D_MDW_DMZ,236552,0,1,-5
3084,TR_6D_MDW_DMZ,239052,0,1,-6
3085,TR_6D_MDW_DMZ,241552,0,1,-9
3086,TR_6D_MDW_DMZ,244052,0,1,-7
3087,TR_6D_MDW_DMZ,246552,0,1,-1
3088,TR_6D_MDW_DMZ,249052,0,1,8
3089,TR_6D_MDW_DMZ,251552,0,1,13
3090,TR_6D_MDW_DMZ,254052,0,1,19
3091,TR_6D_MDW_DMZ,256552,0,1,23
3092,TR_6D_MDW_DMZ,259052,0,1,26
3093,TR_6D_MDW_DMZ,261552,0,1,22
3094,TR_6D_MDW_DMZ,265324,0,1,-4
3095,TR_6D_MDW_DMZ,267824,0,1,-57
3096,TR_6D_MDW_DMZ,270324,0,1,-136
3097,TR_6D_MDW_DMZ,272824,0,1,-218
3129,TR_6E_DMZ_GPP,802256,0,1,193
3130,TR_6E_DMZ_GPP,804756,0,1,232
3131,TR_6E_DMZ_GPP,807256,0,1,237
3132,TR_6E_DMZ_GPP,809756,0,1,215
3133,TR_6E_DMZ_GPP,812256,0,1,170
3134,TR_6E_DMZ_GPP,814756,0,1,121
3135,TR_6E_DMZ_GPP,817256,0,1,66
3136,TR_6E_DMZ_GPP,820186,0,1,36
3137,TR_6E_DMZ_GPP,822686,0,1,12
3138,TR_6E_DMZ_GPP,825754,0,1,6
3139,TR_6E_DMZ_GPP,828254,0,1,3
3140,TR_6E_DMZ_GPP,830854,0,1,1
3141,TR_6E_DMZ_GPP,833254,0,1,2
3142,TR_6E_DMZ_GPP,835854,0,1,0
3143,TR_6E_DMZ_GPP,838254,0,1,1
3144,TR_6E_DMZ_GPP,840854,0,1,1
3145,TR_6E_DMZ_GPP,843254,0,1,4
3146,TR_6E_DMZ_GPP,845754,0,1,4
3147,TR_6E_DMZ_GPP,848254,0,1,2
3148,TR_6E_DMZ_GPP,850754,0,1,5
3149,TR_6E_DMZ_GPP,853254,0,1,4
3150,TR_6E_DMZ_GPP,855854,0,1,6
3151,TR_6E_DMZ_GPP,858354,0,1,4
3152,TR_6E_DMZ_GPP,860854,0,1,4
3153,TR_6E_DMZ_GPP,863354,0,1,4
3154,TR_6E_DMZ_GPP,865854,0,1,5
3155,TR_6E_DMZ_GPP,868254,0,1,6
3156,TR_6E_DMZ_GPP,870854,0,1,4
3157,TR_6E_DMZ_GPP,873354,0,1,0
3158,TR_6E_DMZ_GPP,875854,0,1,-2
3159,TR_6E_DMZ_GPP,878354,0,1,-2
3160,TR_6E_DMZ_GPP,880854,0,1,1
3161,TR_6E_DMZ_GPP,883254,0,1,2
3162,TR_6E_DMZ_GPP,885854,0,1,1
3163,TR_6E_DMZ_GPP,888254,0,1,1
3164,TR_6E_DMZ_GPP,890854,0,1,1
3165,TR_6E_DMZ_GPP,893354,0,1,1
3166,TR_6E_DMZ_GPP,895854,0,1,0
3167,TR_6E_DMZ_GPP,898354,0,1,-3
3168,TR_6E_DMZ_GPP,900854,0,1,-5
3169,TR_6E_DMZ_GPP,903254,0,1,-5
3170,TR_6E_DMZ_GPP,905754,0,1,-9
3171,TR_6E_DMZ_GPP,908354,0,1,-11
3172,TR_6E_DMZ_GPP,910854,0,1,-11
3173,TR_6E_DMZ_GPP,913254,0,1,-12
3174,TR_6E_DMZ_GPP,915854,0,1,-14
3175,TR_6E_DMZ_GPP,918354,0,1,-17
3176,TR_6E_DMZ_GPP,920754,0,1,-17
3177,TR_6E_DMZ_GPP,923254,0,1,-16
3178,TR_6E_DMZ_GPP,925854,0,1,-16
3179,TR_6E_DMZ_GPP,928354,0,1,-15
3180,TR_6E_DMZ_GPP,930854,0,1,-12
3181,TR_6E_DMZ_GPP,933254,0,1,-6
3182,TR_6E_DMZ_GPP,935754,0,1,1
3183,TR_6E_DMZ_GPP,938354,0,1,7
3184,TR_6E_DMZ_GPP,940854,0,1,12
3185,TR_6E_DMZ_GPP,943354,0,1,14
3186,TR_6E_DMZ_GPP,945854,0,1,13
3187,TR_6E_DMZ_GPP,948254,0,1,10
3188,TR_6E_DMZ_GPP,950854,0,1,8
3189,TR_6E_DMZ_GPP,953354,0,1,7
3190,TR_6E_DMZ_GPP,955854,0,1,7
3191,TR_6E_DMZ_GPP,958354,0,1,7
3192,TR_6E_DMZ_GPP,960754,0,1,4
3193,TR_6E_DMZ_GPP,963354,0,1,-6
3194,TR_6E_DMZ_GPP,965854,0,1,-41
3195,TR_6E_DMZ_GPP,968354,0,1,-103
3196,TR_6E_DMZ_GPP,970754,0,1,-166
3197,TR_6E_DMZ_GPP,973354,0,1,-212
3198,TR_6E_DMZ_GPP,975754,0,1,-215
3199,TR_6E_DMZ_GPP,978254,0,1,-194
3200,TR_6E_DMZ_GPP,980754,0,1,-170
3201,TR_6E_DMZ_GPP,982029,0,1,-153
3202,TR_6E_DMZ_GPP,983375,0,1,-136
3203,TR_6E_DMZ_GPP,985875,0,1,-113
3204,TR_6E_DMZ_GPP,988375,0,1,-80
3205,TR_6E_DMZ_GPP,990875,0,1,-48
3206,TR_6E_DMZ_GPP,993375,0,1,-20
3207,TR_6E_DMZ_GPP,995875,0,1,1
3208,TR_6E_DMZ_GPP,998375,0,1,11
3209,TR_6E_DMZ_GPP,1000875,0,1,12
3210,TR_6E_DMZ_GPP,1004747,0,1,19
3211,TR_6E_DMZ_GPP,1007247,0,1,28
3212,TR_6E_DMZ_GPP,1009747,0,1,29
3213,TR_6E_DMZ_GPP,1012247,0,1,22
3214,TR_6E_DMZ_GPP,1014747,0,1,17
3215,TR_6E_DMZ_GPP,1017247,0,1,24
3216,TR_6E_DMZ_GPP,1019747,0,1,28
3217,TR_6E_DMZ_GPP,1022247,0,1,21
3218,TR_6E_DMZ_GPP,1024747,0,1,8
3219,TR_6E_DMZ_GPP,1015000,0,1,3
3220,TR_5D_MDW_DMZ,27523,5,1,4
3221,TR_5D_MDW_DMZ,57300,0,1,2
3222,TR_5D_MDW_DMZ,61569,0,1,-12
3223,TR_5D_MDW_DMZ,64069,0,1,-45
3224,TR_5D_MDW_DMZ,66569,0,1,-90
3225,TR_5D_MDW_DMZ,69069,0,1,-150
3226,TR_5D_MDW_DMZ,71569,0,1,-198
3227,TR_5D_MDW_DMZ,74069,0,1,-234
3228,TR_5D_MDW_DMZ,76569,0,1,-245
3229,TR_5D_MDW_DMZ,79069,0,1,-246
3230,TR_5D_MDW_DMZ,81569,0,1,-239
3231,TR_5D_MDW_DMZ,84069,0,1,-235
3232,TR_5D_MDW_DMZ,86569,0,1,-229
3233,TR_5D_MDW_DMZ,89069,0,1,-231
3234,TR_5D_MDW_DMZ,91569,0,1,-226
3235,TR_5D_MDW_DMZ,94069,0,1,-204
3236,TR_5D_MDW_DMZ,96569,0,1,-159
3237,TR_5D_MDW_DMZ,99069,0,1,-108
3238,TR_5D_MDW_DMZ,101569,0,1,-50
3239,TR_5D_MDW_DMZ,104069,0,1,-9
3240,TR_5D_MDW_DMZ,106669,0,1,29
3241,TR_5D_MDW_DMZ,109169,0,1,65
3242,TR_5D_MDW_DMZ,111569,0,1,110
3243,TR_5D_MDW_DMZ,114069,0,1,170
3244,TR_5D_MDW_DMZ,116569,0,1,223
3245,TR_5D_MDW_DMZ,119069,0,1,259
3246,TR_5D_MDW_DMZ,121569,0,1,277
3247,TR_5D_MDW_DMZ,124069,0,1,276
3248,TR_5D_MDW_DMZ,126569,0,1,265
3249,TR_5D_MDW_DMZ,129069,0,1,253
3250,TR_5D_MDW_DMZ,131569,0,1,243
3251,TR_5D_MDW_DMZ,134169,0,1,222
3252,TR_5D_MDW_DMZ,136569,0,1,187
3253,TR_5D_MDW_DMZ,139069,0,1,130
3254,TR_5D_MDW_DMZ,141569,0,1,71
3255,TR_5D_MDW_DMZ,144069,0,1,19
3256,TR_5D_MDW_DMZ,146669,0,1,-24
3257,TR_5D_MDW_DMZ,149069,0,1,-66
3258,TR_5D_MDW_DMZ,151669,0,1,-110
3259,TR_5D_MDW_DMZ,154169,0,1,-144
3260,TR_5D_MDW_DMZ,156569,0,1,-142
3261,TR_5D_MDW_DMZ,159069,0,1,-121
3262,TR_5D_MDW_DMZ,161669,0,1,-87
3263,TR_5D_MDW_DMZ,164169,0,1,-52
3264,TR_5D_MDW_DMZ,166569,0,1,-21
3265,TR_5D_MDW_DMZ,169069,0,1,-1
3266,TR_5D_MDW_DMZ,171569,0,1,8
3267,TR_5D_MDW_DMZ,174069,0,1,6
3268,TR_5D_MDW_DMZ,176569,0,1,11
3269,TR_5D_MDW_DMZ,179069,0,1,12
3270,TR_5D_MDW_DMZ,181569,0,1,19
3271,TR_5D_MDW_DMZ,184069,0,1,39
3272,TR_5D_MDW_DMZ,186569,0,1,80
3273,TR_5D_MDW_DMZ,189069,0,1,125
3274,TR_5D_MDW_DMZ,191669,0,1,157
3275,TR_5D_MDW_DMZ,194069,0,1,166
3276,TR_5D_MDW_DMZ,196569,0,1,161
3277,TR_5D_MDW_DMZ,199069,0,1,132
3278,TR_5D_MDW_DMZ,201569,0,1,86
3279,TR_5D_MDW_DMZ,204169,0,1,38
3280,TR_5D_MDW_DMZ,206669,0,1,4
3281,TR_5D_MDW_DMZ,209069,0,1,-3
3282,TR_5D_MDW_DMZ,211569,0,1,-2
3283,TR_5D_MDW_DMZ,214170,0,1,0
3284,TR_5D_MDW_DMZ,216770,0,1,4
3285,TR_5D_MDW_DMZ,219170,0,1,4
3286,TR_5D_MDW_DMZ,221770,0,1,3
3287,TR_5D_MDW_DMZ,224270,0,1,-3
3288,TR_5D_MDW_DMZ,226053,0,1,-8
3289,TR_5D_MDW_DMZ,228653,0,1,-13
3290,TR_5D_MDW_DMZ,231153,0,1,-11
3291,TR_5D_MDW_DMZ,233653,0,1,-2
3292,TR_5D_MDW_DMZ,236153,0,1,1
3293,TR_5D_MDW_DMZ,238653,0,1,6
3294,TR_5D_MDW_DMZ,241053,0,1,-1
3295,TR_5D_MDW_DMZ,243553,0,1,-7
3296,TR_5D_MDW_DMZ,246153,0,1,-12
3297,TR_5D_MDW_DMZ,248653,0,1,-13
3298,TR_5D_MDW_DMZ,251153,0,1,-9
3299,TR_5D_MDW_DMZ,253553,0,1,-7
3300,TR_5D_MDW_DMZ,256053,0,1,-5
3301,TR_5D_MDW_DMZ,258653,0,1,1
3302,TR_5D_MDW_DMZ,261153,0,1,3
3303,TR_5D_MDW_DMZ,265248,0,1,5
3304,TR_5D_MDW_DMZ,267748,0,1,-1
3305,TR_5D_MDW_DMZ,270248,0,1,-25
3306,TR_5D_MDW_DMZ,272748,0,1,-63
3338,TR_5E_DMZ_GPP,801055,0,1,125
3339,TR_5E_DMZ_GPP,803555,0,1,191
3340,TR_5E_DMZ_GPP,806055,0,1,228
3341,TR_5E_DMZ_GPP,808555,0,1,236
3342,TR_5E_DMZ_GPP,811055,0,1,216
3343,TR_5E_DMZ_GPP,813555,0,1,167
3344,TR_5E_DMZ_GPP,816055,0,1,107
3345,TR_5E_DMZ_GPP,818881,0,1,49
3346,TR_5E_DMZ_GPP,819131,0,1,16
3347,TR_5E_DMZ_GPP,824444,0,1,4
3348,TR_5E_DMZ_GPP,826944,0,1,3
3349,TR_5E_DMZ_GPP,829544,0,1,3
3350,TR_5E_DMZ_GPP,831944,0,1,4
3351,TR_5E_DMZ_GPP,834544,0,1,1
3352,TR_5E_DMZ_GPP,837044,0,1,-2
3353,TR_5E_DMZ_GPP,839544,0,1,-4
3354,TR_5E_DMZ_GPP,842044,0,1,-6
3355,TR_5E_DMZ_GPP,844444,0,1,-3
3356,TR_5E_DMZ_GPP,847044,0,1,-5
3357,TR_5E_DMZ_GPP,849444,0,1,-5
3358,TR_5E_DMZ_GPP,852044,0,1,0
3359,TR_5E_DMZ_GPP,854444,0,1,4
3360,TR_5E_DMZ_GPP,857044,0,1,9
3361,TR_5E_DMZ_GPP,859544,0,1,9
3362,TR_5E_DMZ_GPP,862044,0,1,8
3363,TR_5E_DMZ_GPP,864444,0,1,9
3364,TR_5E_DMZ_GPP,867044,0,1,7
3365,TR_5E_DMZ_GPP,869544,0,1,4
3366,TR_5E_DMZ_GPP,872044,0,1,-1
3367,TR_5E_DMZ_GPP,874544,0,1,-5
3368,TR_5E_DMZ_GPP,876944,0,1,-9
3369,TR_5E_DMZ_GPP,879544,0,1,-11
3370,TR_5E_DMZ_GPP,882044,0,1,-12
3371,TR_5E_DMZ_GPP,884544,0,1,-12
3372,TR_5E_DMZ_GPP,887044,0,1,-12
3373,TR_5E_DMZ_GPP,889544,0,1,-13
3374,TR_5E_DMZ_GPP,892044,0,1,-13
3375,TR_5E_DMZ_GPP,894544,0,1,-12
3376,TR_5E_DMZ_GPP,897044,0,1,-13
3377,TR_5E_DMZ_GPP,899544,0,1,-14
3378,TR_5E_DMZ_GPP,902044,0,1,-16
3379,TR_5E_DMZ_GPP,904544,0,1,-15
3380,TR_5E_DMZ_GPP,906944,0,1,-16
3381,TR_5E_DMZ_GPP,909444,0,1,-17
3382,TR_5E_DMZ_GPP,911944,0,1,-18
3383,TR_5E_DMZ_GPP,914544,0,1,-17
3384,TR_5E_DMZ_GPP,916944,0,1,-16
3385,TR_5E_DMZ_GPP,919544,0,1,-15
3386,TR_5E_DMZ_GPP,922044,0,1,-15
3387,TR_5E_DMZ_GPP,924544,0,1,-14
3388,TR_5E_DMZ_GPP,927044,0,1,-13
3389,TR_5E_DMZ_GPP,929544,0,1,-14
3390,TR_5E_DMZ_GPP,931944,0,1,-15
3391,TR_5E_DMZ_GPP,934444,0,1,-12
3392,TR_5E_DMZ_GPP,937044,0,1,-9
3393,TR_5E_DMZ_GPP,939544,0,1,-4
3394,TR_5E_DMZ_GPP,942044,0,1,-3
3395,TR_5E_DMZ_GPP,944544,0,1,-2
3396,TR_5E_DMZ_GPP,947044,0,1,0
3397,TR_5E_DMZ_GPP,949444,0,1,2
3398,TR_5E_DMZ_GPP,951944,0,1,5
3399,TR_5E_DMZ_GPP,954444,0,1,8
3400,TR_5E_DMZ_GPP,957044,0,1,11
3401,TR_5E_DMZ_GPP,959444,0,1,12
3402,TR_5E_DMZ_GPP,962044,0,1,6
3403,TR_5E_DMZ_GPP,964544,0,1,-7
3404,TR_5E_DMZ_GPP,967044,0,1,-48
3405,TR_5E_DMZ_GPP,969544,0,1,-108
3406,TR_5E_DMZ_GPP,972044,0,1,-173
3407,TR_5E_DMZ_GPP,974544,0,1,-218
3408,TR_5E_DMZ_GPP,977044,0,1,-239
3409,TR_5E_DMZ_GPP,979544,0,1,-233
3410,TR_5E_DMZ_GPP,980726,0,1,-209
3411,TR_5E_DMZ_GPP,983226,0,1,-178
3412,TR_5E_DMZ_GPP,985726,0,1,-143
3413,TR_5E_DMZ_GPP,987394,0,1,-114
3414,TR_5E_DMZ_GPP,990286,0,1,-83
3415,TR_5E_DMZ_GPP,992786,0,1,-51
3416,TR_5E_DMZ_GPP,995286,0,1,-24
3417,TR_5E_DMZ_GPP,997786,0,1,-7
3418,TR_5E_DMZ_GPP,1000286,0,1,2
3419,TR_5E_DMZ_GPP,1002786,0,1,1
3420,TR_5E_DMZ_GPP,1005286,0,1,0
3421,TR_5E_DMZ_GPP,1007786,0,1,2
3422,TR_5E_DMZ_GPP,1010286,0,1,1
3423,TR_5E_DMZ_GPP,1012786,0,1,-1
3424,TR_5E_DMZ_GPP,1015286,0,1,-2
3425,TR_5E_DMZ_GPP,1017786,0,1,5
3426,TR_5E_DMZ_GPP,1020286,0,1,8
3427,TR_5E_DMZ_GPP,1022786,0,1,2
3428,TR_5E_DMZ_GPP,1015000,0,1,-8
3429,TR_5E_DMZ_GPP,1018740,0,1,-10
3430,TR_5E_DMZ_GPP,1021240,0,1,-9
3431,TR_5E_DMZ_GPP,1023740,0,1,-3
3432,TR_5E_DMZ_GPP,1026240,0,1,-1
3433,TR_5E_DMZ_GPP,1028740,0,1,3
3434,TR_5E_DMZ_GPP,1031240,0,1,0
3435,TR_5E_DMZ_GPP,1033740,0,1,1
3436,TR_5E_DMZ_GPP,1036240,0,1,5
3437,TR_3A_SLW_ZD,580300,0,1,14
3438,TR_3A_SLW_ZD,582800,0,1,15
3439,TR_3A_SLW_ZD,585300,0,1,8
3440,TR_3A_SLW_ZD,587800,0,1,0
3441,TR_3A_SLW_ZD,590300,0,1,-9
3442,TR_3A_SLW_ZD,592800,0,1,-8
3443,TR_3A_SLW_ZD,595300,0,1,-17
3444,TR_3A_SLW_ZD,597800,0,1,-20
3445,TR_3A_SLW_ZD,600300,0,1,-16
3446,TR_3A_SLW_ZD,602800,0,1,-2
3447,TR_3A_SLW_ZD,605300,0,1,10
3448,TR_3A_SLW_ZD,607800,0,1,7
3449,TR_3A_SLW_ZD,610300,0,1,-8
3450,TR_3A_SLW_ZD,612800,0,1,-22
3451,TR_3A_SLW_ZD,615300,0,1,-32
3452,TR_3A_SLW_ZD,617800,0,1,-33
3453,TR_3A_SLW_ZD,620300,0,1,-26
3454,TR_3A_SLW_ZD,622800,0,1,-18
3455,TR_3A_SLW_ZD,625300,0,1,-14
3456,TR_3A_SLW_ZD,627800,0,1,-10
3457,TR_3A_SLW_ZD,630300,0,1,-6
3458,TR_3A_SLW_ZD,632800,0,1,-6
3459,TR_3A_SLW_ZD,633400,0,1,-14
3460,TR_3A_SLW_ZD,635900,0,1,-39
3461,TR_3A_SLW_ZD,638900,0,1,-84
3462,TR_3A_SLW_ZD,641400,0,1,-135
3463,TR_3A_SLW_ZD,643900,0,1,-179
3464,TR_3A_SLW_ZD,646400,0,1,-201
3465,TR_3A_SLW_ZD,648900,0,1,-203
3466,TR_3A_SLW_ZD,651400,0,1,-201
3467,TR_3A_SLW_ZD,653900,0,1,-198
3468,TR_3A_SLW_ZD,656400,0,1,-200
3469,TR_3A_SLW_ZD,658900,0,1,-205
3470,TR_3A_SLW_ZD,661400,0,1,-200
3471,TR_3A_SLW_ZD,663900,0,1,-179
3472,TR_3A_SLW_ZD,666400,0,1,-136
3473,TR_3A_SLW_ZD,668900,0,1,-72
3474,TR_3A_SLW_ZD,671400,0,1,0
3475,TR_3A_SLW_ZD,673900,0,1,77
3476,TR_3A_SLW_ZD,676400,0,1,138
3477,TR_3A_SLW_ZD,678900,0,1,174
3478,TR_3A_SLW_ZD,681400,0,1,191
3479,TR_3A_SLW_ZD,683900,0,1,198
3480,TR_3A_SLW_ZD,686400,0,1,213
3481,TR_3A_SLW_ZD,688900,0,1,228
3482,TR_3A_SLW_ZD,691400,0,1,236
3483,TR_3A_SLW_ZD,693900,0,1,239
3484,TR_3A_SLW_ZD,696400,0,1,239
3485,TR_3A_SLW_ZD,698900,0,1,239
3486,TR_3A_SLW_ZD,701400,0,1,237
3487,TR_3A_SLW_ZD,703900,0,1,217
3488,TR_3A_SLW_ZD,706400,0,1,171
3489,TR_3A_SLW_ZD,708900,0,1,106
3490,TR_3A_SLW_ZD,711400,0,1,47
3491,TR_3A_SLW_ZD,713900,0,1,13
3492,TR_3A_SLW_ZD,716400,0,1,8
3493,TR_3A_SLW_ZD,718900,0,1,10
3494,TR_3A_SLW_ZD,721400,0,1,10
3495,TR_3A_SLW_ZD,723900,0,1,7
3496,TR_3A_SLW_ZD,726400,0,1,0
3497,TR_3A_SLW_ZD,728900,0,1,-2
3498,TR_3A_SLW_ZD,731400,0,1,-4
3499,TR_3A_SLW_ZD,733900,0,1,-8
3500,TR_3A_SLW_ZD,736400,0,1,-8
3501,TR_3A_SLW_ZD,738900,0,1,-10
3502,TR_3A_SLW_ZD,741400,0,1,-20
3503,TR_3A_SLW_ZD,743900,0,1,-40
3504,TR_3A_SLW_ZD,746400,0,1,-57
3505,TR_3A_SLW_ZD,748900,0,1,-68
3506,TR_3A_SLW_ZD,751400,0,1,-68
3507,TR_3A_SLW_ZD,753900,0,1,-64
3508,TR_3A_SLW_ZD,756400,0,1,-60
3509,TR_3A_SLW_ZD,758900,0,1,-55
3510,TR_3A_SLW_ZD,761400,0,1,-53
3511,TR_3A_SLW_ZD,763900,0,1,-53
3512,TR_3A_SLW_ZD,766400,0,1,-51
3513,TR_3A_SLW_ZD,768900,0,1,-49
3514,TR_3A_SLW_ZD,771400,0,1,-48
3515,TR_3A_SLW_ZD,773900,0,1,-49
3516,TR_3A_SLW_ZD,776400,0,1,-50
3517,TR_3A_SLW_ZD,778900,0,1,-49
3518,TR_3A_SLW_ZD,781400,0,1,-48
3519,TR_3A_SLW_ZD,783900,0,1,-38
3520,TR_3A_SLW_ZD,786400,0,1,-22
3521,TR_3A_SLW_ZD,788900,0,1,-6
3522,TR_3A_SLW_ZD,791400,0,1,7
3523,TR_3A_SLW_ZD,793900,0,1,5
3524,TR_3A_SLW_ZD,796400,0,1,1
3525,TR_3A_SLW_ZD,798900,0,1,-5
3526,TR_3A_SLW_ZD,801400,0,1,-10
3527,TR_3A_SLW_ZD,803900,0,1,-14
3528,TR_3A_SLW_ZD,806400,0,1,-20
3529,TR_3A_SLW_ZD,808900,0,1,-20
3530,TR_3A_SLW_ZD,811400,0,1,-16
3531,TR_3A_SLW_ZD,813900,0,1,-5
3532,TR_3A_SLW_ZD,816400,0,1,1
3533,TR_3A_SLW_ZD,818900,0,1,-6
3534,TR_3A_SLW_ZD,821400,0,1,-32
3535,TR_3A_SLW_ZD,823900,0,1,-58
3536,TR_3A_SLW_ZD,826400,0,1,-78
3537,TR_3A_SLW_ZD,828900,0,1,-86
3538,TR_3A_SLW_ZD,831400,0,1,-90
3539,TR_3A_SLW_ZD,833900,0,1,-93
3540,TR_3A_SLW_ZD,836400,0,1,-71
3541,TR_3A_SLW_ZD,838900,0,1,-39
3542,TR_3A_SLW_ZD,841400,0,1,-7
3543,TR_3A_SLW_ZD,843900,0,1,7
3544,TR_3A_SLW_ZD,846400,0,1,7
3545,TR_3A_SLW_ZD,848900,0,1,6
3546,TR_3A_SLW_ZD,851400,0,1,5
3547,TR_3A_SLW_ZD,853900,0,1,4
3548,TR_3A_SLW_ZD,856400,0,1,1
3550,TR_3A_SLW_ZD,857500,0,1,2
3549,TR_3A_SLW_ZD,858900,0,1,-2
3551,TR_3A_SLW_ZD,860000,0,1,8
3552,TR_3A_SLW_ZD,862500,0,1,14
3553,TR_3A_SLW_ZD,865000,0,1,11
3554,TR_3A_SLW_ZD,867500,0,1,7
3555,TR_3A_SLW_ZD,870000,0,1,3
3556,TR_3A_SLW_ZD,872500,0,1,2
3557,TR_3A_SLW_ZD,875000,0,1,-2
3558,TR_3A_SLW_ZD,877500,0,1,-5
3559,TR_3A_SLW_ZD,880000,0,1,-11
3560,TR_3A_SLW_ZD,882500,0,1,-10
3561,TR_3A_SLW_ZD,885000,0,1,-8
3562,TR_3A_SLW_ZD,887500,0,1,-4
3563,TR_3A_SLW_ZD,890000,0,1,0
3564,TR_3A_SLW_ZD,892500,0,1,2
3565,TR_3A_SLW_ZD,895000,0,1,6
3566,TR_3A_SLW_ZD,903200,0,1,4
3567,TR_3A_SLW_ZD,906100,0,1,6
3568,TR_3A_SLW_ZD,908600,0,1,-34
3569,TR_3A_SLW_ZD,911100,0,1,-80
3570,TR_3A_SLW_ZD,913600,0,1,-97
3571,TR_3A_SLW_ZD,916100,0,1,-73
3572,TR_3A_SLW_ZD,918600,0,1,-24
3573,TR_3A_SLW_ZD,921100,0,1,-3
3574,TR_3A_SLW_ZD,923600,0,1,-3
3575,TR_3A_SLW_ZD,926100,0,1,17
3576,TR_3A_SLW_ZD,928600,0,1,68
3577,TR_3A_SLW_ZD,931100,0,1,155
3578,TR_3A_SLW_ZD,933600,0,1,218
3579,TR_3A_SLW_ZD,936200,0,1,216
3580,TR_3A_SLW_ZD,938600,0,1,132
3581,TR_3A_SLW_ZD,941100,0,1,15
3582,TR_3A_SLW_ZD,943700,0,1,-72
3583,TR_3A_SLW_ZD,946200,0,1,-113
3584,TR_3A_SLW_ZD,948700,0,1,-115
3585,TR_3A_SLW_ZD,951200,0,1,-93
3586,TR_3A_SLW_ZD,953600,0,1,-59
3587,TR_3A_SLW_ZD,956100,0,1,-22
3588,TR_3A_SLW_ZD,958600,0,1,-1
3589,TR_3A_SLW_ZD,961100,0,1,2
3590,TR_3A_SLW_ZD,963600,0,1,-3
3591,TR_3A_SLW_ZD,966100,0,1,-7
3592,TR_3A_SLW_ZD,967500,0,1,-9
3593,TR_3A_SLW_ZD,970000,0,1,-8
3594,TR_3A_SLW_ZD,972500,0,1,-7
3595,TR_3A_SLW_ZD,975000,0,1,-6
3596,TR_3A_SLW_ZD,977500,0,1,-8
3597,TR_3A_SLW_ZD,980100,0,1,-8
3598,TR_3A_SLW_ZD,982500,0,1,-9
3599,TR_3A_SLW_ZD,985000,0,1,-13
3600,TR_3A_SLW_ZD,987500,0,1,-15
3601,TR_3A_SLW_ZD,990000,0,1,-15
3602,TR_3A_SLW_ZD,992600,0,1,-13
3603,TR_3A_SLW_ZD,995000,0,1,-12
3604,TR_3A_SLW_ZD,997500,0,1,-11
3605,TR_3A_SLW_ZD,1000000,0,1,-11
3606,TR_3A_SLW_ZD,1002500,0,1,-10
3607,TR_3A_SLW_ZD,1005000,0,1,-11
3608,TR_3A_SLW_ZD,1007500,0,1,-11
3609,TR_3A_SLW_ZD,1010000,0,1,-11
3610,TR_3A_SLW_ZD,1012500,0,1,-9
3611,TR_3A_SLW_ZD,1015000,0,1,-7
3612,TR_3A_SLW_ZD,1017500,0,1,-7
3613,TR_3A_SLW_ZD,1020000,0,1,-8
3618,TR_4A_SLW_ZD,610800,0,1,6
3619,TR_4A_SLW_ZD,613300,0,1,3
3620,TR_4A_SLW_ZD,615800,0,1,-7
3621,TR_4A_SLW_ZD,618300,0,1,-12
3622,TR_4A_SLW_ZD,620800,0,1,-12
3623,TR_4A_SLW_ZD,623300,0,1,-13
3624,TR_4A_SLW_ZD,625800,0,1,-16
3625,TR_4A_SLW_ZD,628300,0,1,-17
3626,TR_4A_SLW_ZD,630800,0,1,-10
3627,TR_4A_SLW_ZD,633400,0,1,-6
3628,TR_4A_SLW_ZD,635900,0,1,-10
3629,TR_4A_SLW_ZD,638900,0,1,-32
3630,TR_4A_SLW_ZD,641400,0,1,-73
3631,TR_4A_SLW_ZD,643900,0,1,-121
3632,TR_4A_SLW_ZD,646400,0,1,-168
3633,TR_4A_SLW_ZD,648900,0,1,-193
3634,TR_4A_SLW_ZD,651400,0,1,-201
3635,TR_4A_SLW_ZD,653900,0,1,-200
3636,TR_4A_SLW_ZD,656400,0,1,-199
3637,TR_4A_SLW_ZD,658900,0,1,-199
3638,TR_4A_SLW_ZD,661400,0,1,-199
3639,TR_4A_SLW_ZD,663900,0,1,-189
3640,TR_4A_SLW_ZD,666400,0,1,-160
3641,TR_4A_SLW_ZD,668900,0,1,-110
3642,TR_4A_SLW_ZD,671400,0,1,-39
3643,TR_4A_SLW_ZD,673900,0,1,39
3644,TR_4A_SLW_ZD,676400,0,1,116
3645,TR_4A_SLW_ZD,678900,0,1,178
3646,TR_4A_SLW_ZD,681400,0,1,215
3647,TR_4A_SLW_ZD,683900,0,1,233
3648,TR_4A_SLW_ZD,686400,0,1,237
3649,TR_4A_SLW_ZD,689000,0,1,242
3650,TR_4A_SLW_ZD,691400,0,1,241
3651,TR_4A_SLW_ZD,693900,0,1,240
3652,TR_4A_SLW_ZD,696400,0,1,239
3653,TR_4A_SLW_ZD,698900,0,1,240
3654,TR_4A_SLW_ZD,701400,0,1,241
3655,TR_4A_SLW_ZD,703900,0,1,236
3656,TR_4A_SLW_ZD,706400,0,1,212
3657,TR_4A_SLW_ZD,708900,0,1,164
3658,TR_4A_SLW_ZD,711400,0,1,98
3659,TR_4A_SLW_ZD,713900,0,1,43
3660,TR_4A_SLW_ZD,716400,0,1,10
3661,TR_4A_SLW_ZD,718900,0,1,3
3662,TR_4A_SLW_ZD,721400,0,1,6
3663,TR_4A_SLW_ZD,723900,0,1,9
3664,TR_4A_SLW_ZD,726400,0,1,7
3665,TR_4A_SLW_ZD,728900,0,1,2
3666,TR_4A_SLW_ZD,731400,0,1,-2
3667,TR_4A_SLW_ZD,733900,0,1,-6
3668,TR_4A_SLW_ZD,736400,0,1,-8
3669,TR_4A_SLW_ZD,738900,0,1,-8
3670,TR_4A_SLW_ZD,741400,0,1,-10
3671,TR_4A_SLW_ZD,743900,0,1,-21
3672,TR_4A_SLW_ZD,746400,0,1,-40
3673,TR_4A_SLW_ZD,748900,0,1,-59
3674,TR_4A_SLW_ZD,751400,0,1,-71
3675,TR_4A_SLW_ZD,753900,0,1,-72
3676,TR_4A_SLW_ZD,756400,0,1,-66
3677,TR_4A_SLW_ZD,758900,0,1,-61
3678,TR_4A_SLW_ZD,761400,0,1,-57
3679,TR_4A_SLW_ZD,763900,0,1,-57
3680,TR_4A_SLW_ZD,766400,0,1,-58
3681,TR_4A_SLW_ZD,768900,0,1,-55
3682,TR_4A_SLW_ZD,771400,0,1,-53
3683,TR_4A_SLW_ZD,773900,0,1,-53
3684,TR_4A_SLW_ZD,776400,0,1,-54
3685,TR_4A_SLW_ZD,778900,0,1,-51
3686,TR_4A_SLW_ZD,781400,0,1,-48
3687,TR_4A_SLW_ZD,783900,0,1,-43
3688,TR_4A_SLW_ZD,786400,0,1,-33
3689,TR_4A_SLW_ZD,788900,0,1,-17
3690,TR_4A_SLW_ZD,791400,0,1,-2
3691,TR_4A_SLW_ZD,793900,0,1,8
3692,TR_4A_SLW_ZD,796400,0,1,8
3693,TR_4A_SLW_ZD,798900,0,1,7
3694,TR_4A_SLW_ZD,801400,0,1,4
3695,TR_4A_SLW_ZD,803900,0,1,1
3696,TR_4A_SLW_ZD,806400,0,1,-3
3697,TR_4A_SLW_ZD,808900,0,1,-8
3698,TR_4A_SLW_ZD,811400,0,1,-9
3699,TR_4A_SLW_ZD,813900,0,1,-10
3700,TR_4A_SLW_ZD,816400,0,1,-7
3701,TR_4A_SLW_ZD,818900,0,1,-6
3702,TR_4A_SLW_ZD,821400,0,1,-9
3703,TR_4A_SLW_ZD,823900,0,1,-37
3704,TR_4A_SLW_ZD,826400,0,1,-63
3705,TR_4A_SLW_ZD,828900,0,1,-92
3706,TR_4A_SLW_ZD,831400,0,1,-96
3707,TR_4A_SLW_ZD,833900,0,1,-102
3708,TR_4A_SLW_ZD,836400,0,1,-102
3709,TR_4A_SLW_ZD,838900,0,1,-81
3710,TR_4A_SLW_ZD,841400,0,1,-48
3711,TR_4A_SLW_ZD,843900,0,1,-15
3712,TR_4A_SLW_ZD,846400,0,1,0
3713,TR_4A_SLW_ZD,848900,0,1,3
3714,TR_4A_SLW_ZD,851400,0,1,4
3715,TR_4A_SLW_ZD,853900,0,1,5
3716,TR_4A_SLW_ZD,856400,0,1,4
3717,TR_4A_SLW_ZD,857200,0,1,1
3718,TR_4A_SLW_ZD,859700,0,1,1
3719,TR_4A_SLW_ZD,862200,0,1,-4
3720,TR_4A_SLW_ZD,864800,0,1,-1
3721,TR_4A_SLW_ZD,867200,0,1,0
3722,TR_4A_SLW_ZD,869700,0,1,3
3723,TR_4A_SLW_ZD,872300,0,1,4
3724,TR_4A_SLW_ZD,874700,0,1,4
3725,TR_4A_SLW_ZD,877200,0,1,5
3726,TR_4A_SLW_ZD,879700,0,1,1
3727,TR_4A_SLW_ZD,882300,0,1,-2
3728,TR_4A_SLW_ZD,884700,0,1,-6
3729,TR_4A_SLW_ZD,887200,0,1,-8
3730,TR_4A_SLW_ZD,889700,0,1,-8
3731,TR_4A_SLW_ZD,892200,0,1,-7
3732,TR_4A_SLW_ZD,894800,0,1,-6
3733,TR_4A_SLW_ZD,897200,0,1,-8
3734,TR_4A_SLW_ZD,899700,0,1,-2
3735,TR_4A_SLW_ZD,903200,0,1,-11
3736,TR_4A_SLW_ZD,905700,0,1,-51
3737,TR_4A_SLW_ZD,908200,0,1,-139
3738,TR_4A_SLW_ZD,910700,0,1,-208
3739,TR_4A_SLW_ZD,913200,0,1,-211
3740,TR_4A_SLW_ZD,915700,0,1,-137
3741,TR_4A_SLW_ZD,918200,0,1,-55
3742,TR_4A_SLW_ZD,920700,0,1,-6
3743,TR_4A_SLW_ZD,923200,0,1,2
3744,TR_4A_SLW_ZD,925700,0,1,4
3745,TR_4A_SLW_ZD,932400,0,1,-3
3746,TR_4A_SLW_ZD,934900,0,1,-8
3747,TR_4A_SLW_ZD,937400,0,1,9
3748,TR_4A_SLW_ZD,939900,0,1,55
3749,TR_4A_SLW_ZD,942400,0,1,131
3750,TR_4A_SLW_ZD,944900,0,1,192
3751,TR_4A_SLW_ZD,947400,0,1,208
3752,TR_4A_SLW_ZD,949900,0,1,176
3753,TR_4A_SLW_ZD,952400,0,1,106
3754,TR_4A_SLW_ZD,954900,0,1,43
3755,TR_4A_SLW_ZD,957400,0,1,6
3756,TR_4A_SLW_ZD,959900,0,1,3
3757,TR_4A_SLW_ZD,962400,0,1,6
3758,TR_4A_SLW_ZD,964900,0,1,6
3759,TR_4A_SLW_ZD,966000,0,1,-2
3760,TR_4A_SLW_ZD,968500,0,1,-10
3761,TR_4A_SLW_ZD,967500,0,1,-13
3762,TR_4A_SLW_ZD,970000,0,1,-13
3763,TR_4A_SLW_ZD,972500,0,1,-12
3764,TR_4A_SLW_ZD,975000,0,1,-12
3765,TR_4A_SLW_ZD,977500,0,1,-13
3766,TR_4A_SLW_ZD,980000,0,1,-14
3767,TR_4A_SLW_ZD,982500,0,1,-15
3768,TR_4A_SLW_ZD,985000,0,1,-16
3769,TR_4A_SLW_ZD,987500,0,1,-16
3770,TR_4A_SLW_ZD,990100,0,1,-15
3771,TR_4A_SLW_ZD,992500,0,1,-15
3772,TR_4A_SLW_ZD,995000,0,1,-14
3773,TR_4A_SLW_ZD,997500,0,1,-13
3774,TR_4A_SLW_ZD,1000000,0,1,-13
3775,TR_4A_SLW_ZD,1002500,0,1,-11
3776,TR_4A_SLW_ZD,1005100,0,1,-8
3777,TR_4A_SLW_ZD,1007500,0,1,-5
3778,TR_4A_SLW_ZD,1010000,0,1,-5
3779,TR_4A_SLW_ZD,1012500,0,1,-9
3780,TR_4A_SLW_ZD,1015000,0,1,-11
3781,TR_4A_SLW_ZD,1017500,0,1,-11
3782,TR_4A_SLW_ZD,1020000,0,1,-12
3783,TR_4A_SLW_ZD,1022500,0,1,-14
3801,TR_I_203_CS,0,0,1,-3
3802,TR_I_203_CS,4771,0,1,8
3803,TR_I_201_CS,0,0,1,-6
3804,TR_I_201_CS,4779,0,1,4
3805,TR_I_235_WPP,0,0,1,-20
3806,TR_I_235_WPP,2749,0,1,0
3807,TR_I_237_WPP,0,0,1,0
3808,TR_I_237_WPP,3198,0,1,0
3809,TR_I_245_WPP,0,0,1,0
3810,TR_I_247_WPP,0,0,1,0
3811,TR_I_261_SLW,0,0,1,0
3812,TR_I_261_SLW,3246,0,1,0
3813,TR_I_263_SLW,0,0,1,0
3814,TR_I_263_SLW,3248,0,1,0
3815,TR_I_307_SLW,0,0,1,0
3816,TR_I_307_SLW,3079,0,1,0
3817,TR_S_313_EOT_LCM,480591,0,1,0
3819,TR_I_329_SLW,0,0,1,0
3821,TR_I_327_SLW,0,0,1,0
3823,TR_I_319_SLW,0,0,1,0
3825,TR_S_315_EOS_SLW,476057,0,1,0
3829,TR_I_345_LCM,0,0,1,0
3831,TR_I_379_LCM,0,0,1,0
3833,TR_I_377_LCM,0,0,1,0
3835,TR_I_371_LCM,0,0,1,0
3837,TR_I_369_LCM,0,0,1,0
3839,TR_I_411_LCM,0,0,1,0
3841,TR_I_409_LCM,0,0,1,0
3843,TR_I_403_MDW,0,0,1,0
3845,TR_I_431_MDW,0,0,1,0
3847,TR_I_429_MDW,0,0,1,0
3849,TR_I_425_MDW,0,0,1,0
3851,TR_I_451_MDW,0,0,1,0
3853,TR_I_453_MDW,0,0,1,0
3855,TR_I_441_MDW,0,0,1,0
3857,TR_I_443_MDW,0,0,1,0
3859,TR_I_449_MDW,0,0,1,0
3861,TR_I_447_MDW,0,0,1,0
3863,TR_I_611_SVT,0,0,1,0
3864,TR_I_611_SVT,8269,0,1,0
3865,TR_I_613_SVT,0,0,1,0
3866,TR_I_613_SVT,8742,0,1,0
3867,TR_I_633_BLW,0,0,1,0
3868,TR_I_633_BLW,4958,0,1,0
3869,TR_I_639_BLW,0,0,1,0
3870,TR_I_639_BLW,6260,0,1,0
3871,TR_I_641_BLW,0,0,1,0
3872,TR_I_641_BLW,6346,0,1,0
3873,TR_I_659_GN,0,0,1,0
3874,TR_I_659_GN,2791,0,1,0
3875,TR_I_661_GN,0,0,1,0
3876,TR_I_661_GN,7864,0,1,0
3877,TR_I_665_GN,0,0,1,0
3879,TR_I_667_GN,0,0,1,0
3881,TR_I_511_DMZ,0,0,1,0
3882,TR_I_511_DMZ,2700,0,1,0
3883,TR_I_513_DMZ,0,0,1,0
3884,TR_I_513_DMZ,2698,0,1,0
3885,TR_I_547_DMZ,0,0,1,0
3886,TR_I_547_DMZ,2791,0,1,0
3887,TR_I_549_DMZ,0,0,1,0
3888,TR_I_549_DMZ,2790,0,1,0
3889,TR_I_567_GPP,0,0,1,0
3890,TR_I_567_GPP,2696,0,1,0
3891,TR_I_569_GPP,0,0,1,0
3892,TR_I_569_GPP,6561,0,1,0
3893,TR_I_575_GPP,0,0,1,0
3895,TR_I_573_GPP,0,0,1,8
3896,TR_I_573_GPP,1424,0,1,-1
3897,TR_I_1833_ZD,0,0,1,0
3898,TR_I_1833_ZD,5000,0,1,0
3899,TR_I_1797_ZD,0,0,1,0
3901,TR_I_1913_ZD,0,0,1,0
3903,TR_I_1905_ZD,0,0,1,0
3905,TR_I_1903_ZD,0,0,1,0
3907,TR_I_1917_ZD,0,0,1,0
3909,TR_I_1919_ZD,0,0,1,0
3911,TR_I_1901_ZD,0,0,1,0
3913,TR_I_1907_ZD,0,0,1,0
3915,TR_I_1807_ZD,0,0,1,0
3916,TR_I_1807_ZD,2350,0,1,0
3917,TR_I_1803_ZD,0,0,1,0
3918,TR_I_1803_ZD,7750,0,1,0
3919,TR_I_1857_OAS,0,0,1,0
3920,TR_I_1857_OAS,2418,0,1,0
3921,TR_I_1859_OAS,0,0,1,0
3922,TR_I_1859_OAS,3143,0,1,0
3933,TR_S_347_LCM,508880,0,1,0
3934,TR_S_367_EOT_LCM,520609,0,1,0
3935,TR_S_373_LCM,520321,0,1,0
3936,TR_S_375_LCM,521394,0,1,0
3937,TR_S_421_LCM,541201,0,1,0
3938,TR_5B_MDW_MDW,573202,177,1,0
3939,TR_6B_MDW_MDW,573688,189,1,0
3941,TR_6E_DMZ_GPP,722031,-6,1,0
3943,TR_5E_DMZ_GPP,723118,-5,1,0
3944,TR_3A_SLW_ZD,445179,0,1,0
3945,TR_4A_SLW_ZD,445083,0,1,0
3946,TR_S_EOT_239_WPP,181246,-1,1,0
3947,TR_S_627_EOT_BLW,913871,0,1,0
3948,TR_S_517_EOS_DMZ,265031,0,1,0
3949,TR_S_519_EOS_DMZ,265188,0,1,0
3950,TR_S_531_EOT_DMZ,287515,0,1,0
3951,TR_S_673_EOT_GN,1252432,0,1,0
3952,TR_S_671_EOT_GN,1253849,0,1,0
3953,TR_S_579_EOT_GPP,1028304,0,1,0
3954,TR_S_583_EOT_GPP,1030046,0,1,0
3955,TR_S_581_EOT_GPP,1029441,0,1,0
3956,TR_S_585_EOT_GPP,1030680,0,1,0
3957,TR_7B_ZD_ZD,967812,0,300000,0
3958,TR_S_1799_EOT_ZD,916216,0,1,0
3959,TR_S_1831A_ZD,854727,0,1,0
3960,TR_11_ZD_ZD,930364,0,1,0
3961,TR_12_ZD_ZD,876604,0,1,0
3962,TR_5C_MDW_MDW,574124,0,1,0
3963,TR_6C_MDW_MDW,573422,88,1,0
3964,TR_5A_MDW_OAS,573602,1491,1,0
3965,TR_6A_MDW_OAS,574088,1761,1,0
3966,TR_S_317_LCM,475732,0,1,0
3967,TR_S_EOT_309_SLW,447076,-3,1,0
3968,TR_S_343_LCM,498115,0,1,0
3969,TR_S_109A_DMZ,272671,0,1,0
